Ref Des,Manufacturer,Part Number,Part Type,Part Description,Activation Energy (Ea),Applied Current (A),Applied Duty Cycle (%),Applied Freq (MHz),Applied Power (W),Applied Ripple (mA),Applied Voltage (V),Ball Chan Width,Ball Count,Ball Diameter,Ball Height,Ball Island Cols,Ball Island Rows,Ball Material,Ball Modeling,Ball Package Diameter,Ball Pad Diameter,Ball Pattern,Ball Perimeter Cols,Ball Perimeter Rows,Ball Pitch,Ball Units,Board Side,Capacitance (uF),Confidence Bounds (%),Corner Face,Corner Radius,Corner Shape,Die Length,Die Material,Die Thickness,Die Units,Die Width,Documents,Failure Class,Failure Mechanism,Flag Length,Flag Thickness,Flag Units,Flag Width,Frequency Exponent,Input Data Type,Laminate Thickness,Lead Bend (degrees),Lead Bend Package Radius,Lead Bend Radius,Lead Count,Lead Foot Length,Lead Frame Percentage,Lead Geometry,Lead Height,Lead Hole Diameter,Lead Layout,Lead Long Count,Lead Material,Lead Pitch,Lead Short Count,Lead Shoulder,Lead Standoff,Lead Stiffness,Lead Thickness,Lead Units,Lead Width,Lifetime,Location Units,Material,Max Rated Current (A),Max Rated Power (W),Max Rated Temp (C),Max Rated Voltage (V),Max Storage Temp (C),Min Rated Temp (C),Min Storage Temp (C),Mirrored,Model Leads,Model Part,Notes,Number of Devices,Number of Failures,Overmold Material,Overmold Thickness,Package Length,Package Mount,Package Name,Package Thickness,Package Type,Package Units,Package Width,Pad Length,Pad Pitch,Pad Units,Pad Width,Part Technology,Part Temp Rise,Process Node,Rated Ripple (mA),Reliability Data Source,Reliability Metric,Reliability Metric Units,Resistance (ohm),Ripple Temp Rise,Rjb (C/W),Rjc (C/W),Rotation,Sink Length,Sink Thickness,Sink Width,Solder Material,Solder Model,Solder Thickness,Source of AF,Stencil Thickness,Stencil Units,Subcircuit Name(s),Test Duration (hrs),Test Duty Cycle (%),Test Frequency (MHz),Test Method,Test Temperature (C),Test Voltage (V),Thermal Units,Voltage Exponent,Weight (gram),X Coordinate,X Offset,Y Coordinate,Y Offset
C1,,TMC1CBTTE106M,CAPACITOR,"CAP,TANT,10U,20%,16V,B RoHS 3528",,,,,,,,,,,,,,,DISABLED,,,,,,,,TOP,,,TOP_BOTTOM,0,SQUARE,,,,,,,"CAP, FIXED, PLASTIC",,,,,,,,,0.0,,,2,0.6,,THRUHOLE,0.631,1.608,SIP,0,COPPER,2.54,0,1.4,0.6,531.29,0.15,mm,1.4,,in,BARIUMTITANATE,,,70.0,,,0.0,,N,DISABLED,ENABLED,,0,0,,,0.23,SMT,ADS_SM_CT_3528,0.062000,CC,in,0.13,1.17,1.27,mm,3.30,,DEFAULT,,,,,,,,,,0,0,0,0,DEFAULT,THRUHOLE MODEL,0.0635,,,MM,,0,,,BLACK BOX,,,C,,1.829e-1,-2.7,0,-1.65,0
C2,,TMC1CBTTE106M,CAPACITOR,"CAP,TANT,10U,20%,16V,B RoHS 3528",,,,,,,,,,,,,,,DISABLED,,,,,,,,TOP,,,TOP_BOTTOM,0,SQUARE,,,,,,,"CAP, FIXED, PLASTIC",,,,,,,,,0.0,,,2,0.6,,THRUHOLE,0.631,1.608,SIP,0,COPPER,2.54,0,1.4,0.6,531.29,0.15,mm,1.4,,in,BARIUMTITANATE,,,70.0,,,0.0,,N,DISABLED,ENABLED,,0,0,,,0.23,SMT,ADS_SM_CT_3528,0.062000,CC,in,0.13,1.17,1.27,mm,3.30,,DEFAULT,,,,,,,,,,0,0,0,0,DEFAULT,THRUHOLE MODEL,0.0635,,,MM,,0,,,BLACK BOX,,,C,,1.829e-1,-2.4,0,-1.65,0
C3,,TMC1CBTTE106M,CAPACITOR,"CAP,TANT,10U,20%,16V,B RoHS 3528",,,,,,,,,,,,,,,DISABLED,,,,,,,,TOP,,,TOP_BOTTOM,0,SQUARE,,,,,,,"CAP, FIXED, PLASTIC",,,,,,,,,0.0,,,2,0.6,,THRUHOLE,0.631,1.608,SIP,0,COPPER,2.54,0,1.4,0.6,531.29,0.15,mm,1.4,,in,BARIUMTITANATE,,,70.0,,,0.0,,N,DISABLED,ENABLED,,0,0,,,0.23,SMT,ADS_SM_CT_3528,0.062000,CC,in,0.13,1.17,1.27,mm,3.30,,DEFAULT,,,,,,,,,,180,0,0,0,DEFAULT,THRUHOLE MODEL,0.0635,,,MM,,0,,,BLACK BOX,,,C,,1.829e-1,-2.4,0,-1.9,0
C4,,TMC1CBTTE106M,CAPACITOR,"CAP,TANT,10U,20%,16V,B RoHS 3528",,,,,,,,,,,,,,,DISABLED,,,,,,,,TOP,,,TOP_BOTTOM,0,SQUARE,,,,,,,"CAP, FIXED, PLASTIC",,,,,,,,,0.0,,,2,0.6,,THRUHOLE,0.631,1.608,SIP,0,COPPER,2.54,0,1.4,0.6,531.29,0.15,mm,1.4,,in,BARIUMTITANATE,,,70.0,,,0.0,,N,DISABLED,ENABLED,,0,0,,,0.23,SMT,ADS_SM_CT_3528,0.062000,CC,in,0.13,1.17,1.27,mm,3.30,,DEFAULT,,,,,,,,,,180,0,0,0,DEFAULT,THRUHOLE MODEL,0.0635,,,MM,,0,,,BLACK BOX,,,C,,1.829e-1,-2.7,0,-1.9,0
C5,,TMC1CBTTE106M,CAPACITOR,"CAP,TANT,10U,20%,16V,B RoHS 3528",,,,,,,,,,,,,,,DISABLED,,,,,,,,TOP,,,TOP_BOTTOM,0,SQUARE,,,,,,,"CAP, FIXED, PLASTIC",,,,,,,,,0.0,,,2,0.6,,THRUHOLE,0.631,1.608,SIP,0,COPPER,2.54,0,1.4,0.6,531.29,0.15,mm,1.4,,in,BARIUMTITANATE,,,70.0,,,0.0,,N,DISABLED,ENABLED,,0,0,,,0.23,SMT,ADS_SM_CT_3528,0.062000,CC,in,0.13,1.17,1.27,mm,3.30,,DEFAULT,,,,,,,,,,180,0,0,0,DEFAULT,THRUHOLE MODEL,0.0635,,,MM,,0,,,BLACK BOX,,,C,,1.829e-1,-3.0,0,-1.9,0
C6,,TMC1CBTTE106M,CAPACITOR,"CAP,TANT,10U,20%,16V,B RoHS 3528",,,,,,,,,,,,,,,DISABLED,,,,,,,,TOP,,,TOP_BOTTOM,0,SQUARE,,,,,,,"CAP, FIXED, PLASTIC",,,,,,,,,0.0,,,2,0.6,,THRUHOLE,0.631,1.608,SIP,0,COPPER,2.54,0,1.4,0.6,531.29,0.15,mm,1.4,,in,BARIUMTITANATE,,,70.0,,,0.0,,N,DISABLED,ENABLED,,0,0,,,0.23,SMT,ADS_SM_CT_3528,0.062000,CC,in,0.13,1.17,1.27,mm,3.30,,DEFAULT,,,,,,,,,,0,0,0,0,DEFAULT,THRUHOLE MODEL,0.0635,,,MM,,0,,,BLACK BOX,,,C,,1.829e-1,2.35,0,1.65,0
C7,,TMC1CBTTE106M,CAPACITOR,"CAP,TANT,10U,20%,16V,B RoHS 3528",,,,,,,,,,,,,,,DISABLED,,,,,,,,TOP,,,TOP_BOTTOM,0,SQUARE,,,,,,,"CAP, FIXED, PLASTIC",,,,,,,,,0.0,,,2,0.6,,THRUHOLE,0.631,1.608,SIP,0,COPPER,2.54,0,1.4,0.6,531.29,0.15,mm,1.4,,in,BARIUMTITANATE,,,70.0,,,0.0,,N,DISABLED,ENABLED,,0,0,,,0.23,SMT,ADS_SM_CT_3528,0.062000,CC,in,0.13,1.17,1.27,mm,3.30,,DEFAULT,,,,,,,,,,0,0,0,0,DEFAULT,THRUHOLE MODEL,0.0635,,,MM,,0,,,BLACK BOX,,,C,,1.829e-1,2.65,0,1.65,0
C8,,TMC1CBTTE106M,CAPACITOR,"CAP,TANT,10U,20%,16V,B RoHS 3528",,,,,,,,,,,,,,,DISABLED,,,,,,,,TOP,,,TOP_BOTTOM,0,SQUARE,,,,,,,"CAP, FIXED, PLASTIC",,,,,,,,,0.0,,,2,0.6,,THRUHOLE,0.631,1.608,SIP,0,COPPER,2.54,0,1.4,0.6,531.29,0.15,mm,1.4,,in,BARIUMTITANATE,,,70.0,,,0.0,,N,DISABLED,ENABLED,,0,0,,,0.23,SMT,ADS_SM_CT_3528,0.062000,CC,in,0.13,1.17,1.27,mm,3.30,,DEFAULT,,,,,,,,,,180,0,0,0,DEFAULT,THRUHOLE MODEL,0.0635,,,MM,,0,,,BLACK BOX,,,C,,1.829e-1,2.95,0,1.9,0
C9,,TMC1CBTTE106M,CAPACITOR,"CAP,TANT,10U,20%,16V,B RoHS 3528",,,,,,,,,,,,,,,DISABLED,,,,,,,,TOP,,,TOP_BOTTOM,0,SQUARE,,,,,,,"CAP, FIXED, PLASTIC",,,,,,,,,0.0,,,2,0.6,,THRUHOLE,0.631,1.608,SIP,0,COPPER,2.54,0,1.4,0.6,531.29,0.15,mm,1.4,,in,BARIUMTITANATE,,,70.0,,,0.0,,N,DISABLED,ENABLED,,0,0,,,0.23,SMT,ADS_SM_CT_3528,0.062000,CC,in,0.13,1.17,1.27,mm,3.30,,DEFAULT,,,,,,,,,,180,0,0,0,DEFAULT,THRUHOLE MODEL,0.0635,,,MM,,0,,,BLACK BOX,,,C,,1.829e-1,2.65,0,1.9,0
C10,,TMC1CBTTE106M,CAPACITOR,"CAP,TANT,10U,20%,16V,B RoHS 3528",,,,,,,,,,,,,,,DISABLED,,,,,,,,TOP,,,TOP_BOTTOM,0,SQUARE,,,,,,,"CAP, FIXED, PLASTIC",,,,,,,,,0.0,,,2,0.6,,THRUHOLE,0.631,1.608,SIP,0,COPPER,2.54,0,1.4,0.6,531.29,0.15,mm,1.4,,in,BARIUMTITANATE,,,70.0,,,0.0,,N,DISABLED,ENABLED,,0,0,,,0.23,SMT,ADS_SM_CT_3528,0.062000,CC,in,0.13,1.17,1.27,mm,3.30,,DEFAULT,,,,,,,,,,180,0,0,0,DEFAULT,THRUHOLE MODEL,0.0635,,,MM,,0,,,BLACK BOX,,,C,,1.829e-1,2.35,0,1.9,0
C11,,1210GC102KAT1A,CAPACITOR,"CAP,CER,1NF,10%,2KV,X7R,1210 RoHS",,,,,,,,,,,,,,,DISABLED,,,,,,,,TOP,,,TOP_BOTTOM,0,SQUARE,,,,,,,"CAP, FIXED, PLASTIC",,,,,,,,,,,,2,,,LEADLESS,,,,,,,,,,,,,,,in,ALUMINA,,,70.0,,,0.0,,N,DISABLED,ENABLED,,0,0,,,3.2,SMT,1210,0.6,CC,mm,2.5,0.64,3.20,mm,2.50,,DEFAULT,,,,,,,,,,0,,,,DEFAULT,CC MODEL,0.0635,,,MM,,0,,,BLACK BOX,,,C,,1.752e-2,-0.98,0,-1.962,0
C12,,ECJ-4YB2A684,CAPACITOR,"CAP, 0.68uF, 100C, 20%, SMT, 1210",,,,,,,,,,,,,,,DISABLED,,,,,,,,TOP,,,TOP_BOTTOM,0,SQUARE,,,,,,,"CAP, FIXED, PLASTIC",,,,,,,,,,,,2,,,LEADLESS,,,,,,,,,,,,,,,in,ALUMINA,,,70.0,,,0.0,,N,DISABLED,ENABLED,,0,0,,,3.2,SMT,1210,0.6,CC,mm,2.5,0.64,3.20,mm,2.50,,DEFAULT,,,,,,,,,,0,,,,DEFAULT,CC MODEL,0.0635,,,MM,,0,,,BLACK BOX,,,C,,1.752e-2,0.481,0,-1.961,0
C13,,ECJ-4YB2A684,CAPACITOR,"CAP, 0.68uF, 100C, 20%, SMT, 1210",,,,,,,,,,,,,,,DISABLED,,,,,,,,TOP,,,TOP_BOTTOM,0,SQUARE,,,,,,,"CAP, FIXED, PLASTIC",,,,,,,,,,,,2,,,LEADLESS,,,,,,,,,,,,,,,in,ALUMINA,,,70.0,,,0.0,,N,DISABLED,ENABLED,,0,0,,,3.2,SMT,1210,0.6,CC,mm,2.5,0.64,3.20,mm,2.50,,DEFAULT,,,,,,,,,,0,,,,DEFAULT,CC MODEL,0.0635,,,MM,,0,,,BLACK BOX,,,C,,1.752e-2,0.91,0,-1.963,0
C14,,ECJ-4YB2A684,CAPACITOR,"CAP, 0.68uF, 100C, 20%, SMT, 1210",,,,,,,,,,,,,,,DISABLED,,,,,,,,TOP,,,TOP_BOTTOM,0,SQUARE,,,,,,,"CAP, FIXED, PLASTIC",,,,,,,,,,,,2,,,LEADLESS,,,,,,,,,,,,,,,in,ALUMINA,,,70.0,,,0.0,,N,DISABLED,ENABLED,,0,0,,,3.2,SMT,1210,0.6,CC,mm,2.5,0.64,3.20,mm,2.50,,DEFAULT,,,,,,,,,,0,,,,DEFAULT,CC MODEL,0.0635,,,MM,,0,,,BLACK BOX,,,C,,1.752e-2,-0.513,0,-1.96,0
C15,,ECJ-4YB2A684,CAPACITOR,"CAP, 0.68uF, 100C, 20%, SMT, 1210",,,,,,,,,,,,,,,DISABLED,,,,,,,,TOP,,,TOP_BOTTOM,0,SQUARE,,,,,,,"CAP, FIXED, PLASTIC",,,,,,,,,,,,2,,,LEADLESS,,,,,,,,,,,,,,,in,ALUMINA,,,70.0,,,0.0,,N,DISABLED,ENABLED,,0,0,,,3.2,SMT,1210,0.6,CC,mm,2.5,0.64,3.20,mm,2.50,,DEFAULT,,,,,,,,,,0,,,,DEFAULT,CC MODEL,0.0635,,,MM,,0,,,BLACK BOX,,,C,,1.752e-2,-0.023,0,-1.962,0
C16,,ECJ-4YB2A684,CAPACITOR,"CAP, 0.68uF, 100C, 20%, SMT, 1210",,,,,,,,,,,,,,,DISABLED,,,,,,,,TOP,,,TOP_BOTTOM,0,SQUARE,,,,,,,"CAP, FIXED, PLASTIC",,,,,,,,,,,,2,,,LEADLESS,,,,,,,,,,,,,,,in,ALUMINA,,,70.0,,,0.0,,N,DISABLED,ENABLED,,0,0,,,3.2,SMT,1210,0.6,CC,mm,2.5,0.64,3.20,mm,2.50,,DEFAULT,,,,,,,,,,0,,,,DEFAULT,CC MODEL,0.0635,,,MM,,0,,,BLACK BOX,,,C,,1.752e-2,-1.044,0,1.959,0
C17,,ECJ-4YB2A684,CAPACITOR,"CAP, 0.68uF, 100C, 20%, SMT, 1210",,,,,,,,,,,,,,,DISABLED,,,,,,,,TOP,,,TOP_BOTTOM,0,SQUARE,,,,,,,"CAP, FIXED, PLASTIC",,,,,,,,,,,,2,,,LEADLESS,,,,,,,,,,,,,,,in,ALUMINA,,,70.0,,,0.0,,N,DISABLED,ENABLED,,0,0,,,3.2,SMT,1210,0.6,CC,mm,2.5,0.64,3.20,mm,2.50,,DEFAULT,,,,,,,,,,0,,,,DEFAULT,CC MODEL,0.0635,,,MM,,0,,,BLACK BOX,,,C,,1.752e-2,-0.001,0,1.959,0
C18,,ECJ-4YB2A684,CAPACITOR,"CAP, 0.68uF, 100C, 20%, SMT, 1210",,,,,,,,,,,,,,,DISABLED,,,,,,,,TOP,,,TOP_BOTTOM,0,SQUARE,,,,,,,"CAP, FIXED, PLASTIC",,,,,,,,,,,,2,,,LEADLESS,,,,,,,,,,,,,,,in,ALUMINA,,,70.0,,,0.0,,N,DISABLED,ENABLED,,0,0,,,3.2,SMT,1210,0.6,CC,mm,2.5,0.64,3.20,mm,2.50,,DEFAULT,,,,,,,,,,0,,,,DEFAULT,CC MODEL,0.0635,,,MM,,0,,,BLACK BOX,,,C,,1.752e-2,0.994,0,1.955,0
C19,,ECJ-4YB2A684,CAPACITOR,"CAP, 0.68uF, 100C, 20%, SMT, 1210",,,,,,,,,,,,,,,DISABLED,,,,,,,,TOP,,,TOP_BOTTOM,0,SQUARE,,,,,,,"CAP, FIXED, PLASTIC",,,,,,,,,,,,2,,,LEADLESS,,,,,,,,,,,,,,,in,ALUMINA,,,70.0,,,0.0,,N,DISABLED,ENABLED,,0,0,,,3.2,SMT,1210,0.6,CC,mm,2.5,0.64,3.20,mm,2.50,,DEFAULT,,,,,,,,,,0,,,,DEFAULT,CC MODEL,0.0635,,,MM,,0,,,BLACK BOX,,,C,,1.752e-2,-0.478,0,1.963,0
C20,,ECJ-4YB2A684,CAPACITOR,"CAP, 0.68uF, 100C, 20%, SMT, 1210",,,,,,,,,,,,,,,DISABLED,,,,,,,,TOP,,,TOP_BOTTOM,0,SQUARE,,,,,,,"CAP, FIXED, PLASTIC",,,,,,,,,,,,2,,,LEADLESS,,,,,,,,,,,,,,,in,ALUMINA,,,70.0,,,0.0,,N,DISABLED,ENABLED,,0,0,,,3.2,SMT,1210,0.6,CC,mm,2.5,0.64,3.20,mm,2.50,,DEFAULT,,,,,,,,,,0,,,,DEFAULT,CC MODEL,0.0635,,,MM,,0,,,BLACK BOX,,,C,,1.752e-2,0.507,0,1.959,0
C21,,EEU-FC1J181,CAPACITOR,"Cap, 180uF, 63V, Elec FC, Radial lead",,,,,,,,,,,,,,,DISABLED,,,,,,,in,TOP,,,TOP_BOTTOM,0,SQUARE,5.1206,SILICON,0.185,mm,5.1206,,"CAP, FIXED, PLASTIC",,,,in,,,,,0.0,,,2,0.6,,THRUHOLE,0.915,1.608,SIP,0,COPPER,2.54,0,1.4,0.6,174.24,0.15,mm,1.4,,in,EPOXYENCAPSULANT,,,70.0,,,0.0,,N,DISABLED,ENABLED,,0,0,,,0.4032,TH,ADS_CPCYL1_D400_LS200_034,0.630000,OTHER,in,0.4032,,,in,,,DEFAULT,,,,,,,,,,0,0,0,0,DEFAULT,THRUHOLE MODEL,0.0635,,,MM,,0,,,BLACK BOX,,,C,,3.021e+0,1.115,0,-1.45,0
C22,,EEU-FC1J181,CAPACITOR,"Cap, 180uF, 63V, Elec FC, Radial lead",,,,,,,,,,,,,,,DISABLED,,,,,,,in,TOP,,,TOP_BOTTOM,0,SQUARE,5.1206,SILICON,0.185,mm,5.1206,,"CAP, FIXED, PLASTIC",,,,in,,,,,0.0,,,2,0.6,,THRUHOLE,0.915,1.608,SIP,0,COPPER,2.54,0,1.4,0.6,174.24,0.15,mm,1.4,,in,EPOXYENCAPSULANT,,,70.0,,,0.0,,N,DISABLED,ENABLED,,0,0,,,0.4032,TH,ADS_CPCYL1_D400_LS200_034,0.630000,OTHER,in,0.4032,,,in,,,DEFAULT,,,,,,,,,,270,0,0,0,DEFAULT,THRUHOLE MODEL,0.0635,,,MM,,0,,,BLACK BOX,,,C,,3.021e+0,2.843,0,-1.4689999999999999,0
C23,,EEU-FC1J181,CAPACITOR,"Cap, 180uF, 63V, Elec FC, Radial lead",,,,,,,,,,,,,,,DISABLED,,,,,,,in,TOP,,,TOP_BOTTOM,0,SQUARE,5.1206,SILICON,0.185,mm,5.1206,,"CAP, FIXED, PLASTIC",,,,in,,,,,0.0,,,2,0.6,,THRUHOLE,0.915,1.608,SIP,0,COPPER,2.54,0,1.4,0.6,174.24,0.15,mm,1.4,,in,EPOXYENCAPSULANT,,,70.0,,,0.0,,N,DISABLED,ENABLED,,0,0,,,0.4032,TH,ADS_CPCYL1_D400_LS200_034,0.630000,OTHER,in,0.4032,,,in,,,DEFAULT,,,,,,,,,,0,0,0,0,DEFAULT,THRUHOLE MODEL,0.0635,,,MM,,0,,,BLACK BOX,,,C,,3.021e+0,-1.2169999999999999,0,1.455,0
C24,,EEU-FC1J181,CAPACITOR,"Cap, 180uF, 63V, Elec FC, Radial lead",,,,,,,,,,,,,,,DISABLED,,,,,,,in,TOP,,,TOP_BOTTOM,0,SQUARE,5.1206,SILICON,0.185,mm,5.1206,,"CAP, FIXED, PLASTIC",,,,in,,,,,0.0,,,2,0.6,,THRUHOLE,0.915,1.608,SIP,0,COPPER,2.54,0,1.4,0.6,174.24,0.15,mm,1.4,,in,EPOXYENCAPSULANT,,,70.0,,,0.0,,N,DISABLED,ENABLED,,0,0,,,0.4032,TH,ADS_CPCYL1_D400_LS200_034,0.630000,OTHER,in,0.4032,,,in,,,DEFAULT,,,,,,,,,,0,0,0,0,DEFAULT,THRUHOLE MODEL,0.0635,,,MM,,0,,,BLACK BOX,,,C,,3.021e+0,-1.2879999999999998,0,-1.443,0
C25,,EEU-FC1J181,CAPACITOR,"Cap, 180uF, 63V, Elec FC, Radial lead",,,,,,,,,,,,,,,DISABLED,,,,,,,in,TOP,,,TOP_BOTTOM,0,SQUARE,5.1206,SILICON,0.185,mm,5.1206,,"CAP, FIXED, PLASTIC",,,,in,,,,,0.0,,,2,0.6,,THRUHOLE,0.915,1.608,SIP,0,COPPER,2.54,0,1.4,0.6,174.24,0.15,mm,1.4,,in,EPOXYENCAPSULANT,,,70.0,,,0.0,,N,DISABLED,ENABLED,,0,0,,,0.4032,TH,ADS_CPCYL1_D400_LS200_034,0.630000,OTHER,in,0.4032,,,in,,,DEFAULT,,,,,,,,,,0,0,0,0,DEFAULT,THRUHOLE MODEL,0.0635,,,MM,,0,,,BLACK BOX,,,C,,3.021e+0,1.11,0,1.434,0
C26,,EEV0TA1H470P,CAPACITOR,"Cap,  47uF, 50V,  ALUM, ELEC RADIAL, SM SIZE G",,,,,,,,,,,,,,,DISABLED,,,,,,,in,TOP,,,TOP_BOTTOM,0,SQUARE,6.1074,SILICON,0.185,mm,5.2499,,"CAP, FIXED, PLASTIC",,,,in,,,,,0.0,,,2,0.6,,THRUHOLE,0.8008,1.608,SIP,0,COPPER,2.54,0,1.4,0.6,259.93,0.15,mm,1.4,,in,EPOXYENCAPSULANT,,,70.0,,,0.0,,N,DISABLED,ENABLED,,0,0,,,0.4809,SMT,ADS_SM_CT_BULKCAP-G,0.401570,OTHER,in,0.41338,,,in,,,DEFAULT,,,,,,,,,,0,0,0,0,DEFAULT,THRUHOLE MODEL,0.0635,,,MM,,0,,,BLACK BOX,,,C,,2.355e+0,-1.806,0,-1.462,0
C27,,EEV0TA1H470P,CAPACITOR,"Cap,  47uF, 50V,  ALUM, ELEC RADIAL, SM SIZE G",,,,,,,,,,,,,,,DISABLED,,,,,,,in,TOP,,,TOP_BOTTOM,0,SQUARE,6.1074,SILICON,0.185,mm,5.2499,,"CAP, FIXED, PLASTIC",,,,in,,,,,0.0,,,2,0.6,,THRUHOLE,0.8008,1.608,SIP,0,COPPER,2.54,0,1.4,0.6,259.93,0.15,mm,1.4,,in,EPOXYENCAPSULANT,,,70.0,,,0.0,,N,DISABLED,ENABLED,,0,0,,,0.4809,SMT,ADS_SM_CT_BULKCAP-G,0.401570,OTHER,in,0.41338,,,in,,,DEFAULT,,,,,,,,,,0,0,0,0,DEFAULT,THRUHOLE MODEL,0.0635,,,MM,,0,,,BLACK BOX,,,C,,2.355e+0,1.688,0,-1.468,0
C28,,EEV0TA1H470P,CAPACITOR,"Cap,  47uF, 50V,  ALUM, ELEC RADIAL, SM SIZE G",,,,,,,,,,,,,,,DISABLED,,,,,,,in,TOP,,,TOP_BOTTOM,0,SQUARE,6.1074,SILICON,0.185,mm,5.2499,,"CAP, FIXED, PLASTIC",,,,in,,,,,0.0,,,2,0.6,,THRUHOLE,0.8008,1.608,SIP,0,COPPER,2.54,0,1.4,0.6,259.93,0.15,mm,1.4,,in,EPOXYENCAPSULANT,,,70.0,,,0.0,,N,DISABLED,ENABLED,,0,0,,,0.4809,SMT,ADS_SM_CT_BULKCAP-G,0.401570,OTHER,in,0.41338,,,in,,,DEFAULT,,,,,,,,,,0,0,0,0,DEFAULT,THRUHOLE MODEL,0.0635,,,MM,,0,,,BLACK BOX,,,C,,2.355e+0,-1.795,0,1.468,0
C29,,EEV0TA1H470P,CAPACITOR,"Cap,  47uF, 50V,  ALUM, ELEC RADIAL, SM SIZE G",,,,,,,,,,,,,,,DISABLED,,,,,,,in,TOP,,,TOP_BOTTOM,0,SQUARE,6.1074,SILICON,0.185,mm,5.2499,,"CAP, FIXED, PLASTIC",,,,in,,,,,0.0,,,2,0.6,,THRUHOLE,0.8008,1.608,SIP,0,COPPER,2.54,0,1.4,0.6,259.93,0.15,mm,1.4,,in,EPOXYENCAPSULANT,,,70.0,,,0.0,,N,DISABLED,ENABLED,,0,0,,,0.4809,SMT,ADS_SM_CT_BULKCAP-G,0.401570,OTHER,in,0.41338,,,in,,,DEFAULT,,,,,,,,,,0,0,0,0,DEFAULT,THRUHOLE MODEL,0.0635,,,MM,,0,,,BLACK BOX,,,C,,2.355e+0,1.659,0,1.447,0
C30,,EEV0TA1H470P,CAPACITOR,"Cap,  47uF, 50V,  ALUM, ELEC RADIAL, SM SIZE G",,,,,,,,,,,,,,,DISABLED,,,,,,,in,TOP,,,TOP_BOTTOM,0,SQUARE,6.1074,SILICON,0.185,mm,5.2499,,"CAP, FIXED, PLASTIC",,,,in,,,,,0.0,,,2,0.6,,THRUHOLE,0.8008,1.608,SIP,0,COPPER,2.54,0,1.4,0.6,259.93,0.15,mm,1.4,,in,EPOXYENCAPSULANT,,,70.0,,,0.0,,N,DISABLED,ENABLED,,0,0,,,0.4809,SMT,ADS_SM_CT_BULKCAP-G,0.401570,OTHER,in,0.41338,,,in,,,DEFAULT,,,,,,,,,,0,0,0,0,DEFAULT,THRUHOLE MODEL,0.0635,,,MM,,0,,,BLACK BOX,,,C,,2.355e+0,-1.815,0,1.923,0
J1,,TST-125-01-G-D,JACK,"Header, 2X25, Shded, ST .100 RoHS",,,,,,,,,,,,,,,DISABLED,,,,,,,in,TOP,,,TOP_BOTTOM,0,SQUARE,35.56,SILICON,0.185,mm,4.7625,,"CONN, RECTANGULAR",,,,in,,,,,0.0,,,50,0.6,,THRUHOLE,0.7825,1.608,SIP,0,COPPER,2.54,0,1.4,0.6,278.59,0.15,mm,1.4,,in,EPOXYENCAPSULANT,,,70.0,,,0.0,,N,DISABLED,ENABLED,,0,0,,,2.8000000000000003,TH,ADS_WALCON_P100_VH_WP325_50,0.365000,OTHER,in,0.375,,,in,,,DEFAULT,,,,,,,,,,90,0,0,0,DEFAULT,THRUHOLE MODEL,0.0635,,,MM,,0,,,BLACK BOX,,,C,,1.130e+1,-3.55,0,-2.220446049250313E-16,0
Q1,,PZT3904,TRANSISTOR,"XSTR,GEN PURP,NPN,SOT-223,RoHS",,,,,,,,,,,,,,,DISABLED,,,,,,,MM,TOP,,,TOP_BOTTOM,0,SQUARE,4.875,SILICON,0.185,MM,2.625,,"TRANS, NPN, SILICON, SWITCH",,,,MM,,,,,90.0,0.205,0.205,4,0.75,65,GULLWING,0.86,1.0170679286326199,SINGLE_1,0,COPPER,2.3,0,1,0.06,911.38,0.3,mm,0.76,,in,OVERMOLD-LEADED,,,70.0,,,0.0,,N,DISABLED,ENABLED,,0,0,,,6.5,SMT,SOT-223 (TO-261AA),1.6,SOT,mm,3.5,2.0,1.27,mm,0.75,,DEFAULT,,,,,,,,,,270,1,0,0,DEFAULT,LEADED MODEL,0.0635,,,MM,,0,,,BLACK BOX,,,C,,6.916e-2,-0.75,0,-1.65,0
Q2,,PZT3904,TRANSISTOR,"XSTR,GEN PURP,NPN,SOT-223,RoHS",,,,,,,,,,,,,,,DISABLED,,,,,,,MM,TOP,,,TOP_BOTTOM,0,SQUARE,4.875,SILICON,0.185,MM,2.625,,"TRANS, NPN, SILICON, SWITCH",,,,MM,,,,,90.0,0.205,0.205,4,0.75,65,GULLWING,0.86,1.0170679286326199,SINGLE_1,0,COPPER,2.3,0,1,0.06,911.38,0.3,mm,0.76,,in,OVERMOLD-LEADED,,,70.0,,,0.0,,N,DISABLED,ENABLED,,0,0,,,6.5,SMT,SOT-223 (TO-261AA),1.6,SOT,mm,3.5,2.0,1.27,mm,0.75,,DEFAULT,,,,,,,,,,270,1,0,0,DEFAULT,LEADED MODEL,0.0635,,,MM,,0,,,BLACK BOX,,,C,,6.916e-2,-0.25,0,-1.65,0
Q3,,PZT3904,TRANSISTOR,"XSTR,GEN PURP,NPN,SOT-223,RoHS",,,,,,,,,,,,,,,DISABLED,,,,,,,MM,TOP,,,TOP_BOTTOM,0,SQUARE,4.875,SILICON,0.185,MM,2.625,,"TRANS, NPN, SILICON, SWITCH",,,,MM,,,,,90.0,0.205,0.205,4,0.75,65,GULLWING,0.86,1.0170679286326199,SINGLE_1,0,COPPER,2.3,0,1,0.06,911.38,0.3,mm,0.76,,in,OVERMOLD-LEADED,,,70.0,,,0.0,,N,DISABLED,ENABLED,,0,0,,,6.5,SMT,SOT-223 (TO-261AA),1.6,SOT,mm,3.5,2.0,1.27,mm,0.75,,DEFAULT,,,,,,,,,,90,1,0,0,DEFAULT,LEADED MODEL,0.0635,,,MM,,0,,,BLACK BOX,,,C,,6.916e-2,0.75,0,-1.65,0
Q4,,PZT3904,TRANSISTOR,"XSTR,GEN PURP,NPN,SOT-223,RoHS",,,,,,,,,,,,,,,DISABLED,,,,,,,MM,TOP,,,TOP_BOTTOM,0,SQUARE,4.875,SILICON,0.185,MM,2.625,,"TRANS, NPN, SILICON, SWITCH",,,,MM,,,,,90.0,0.205,0.205,4,0.75,65,GULLWING,0.86,1.0170679286326199,SINGLE_1,0,COPPER,2.3,0,1,0.06,911.38,0.3,mm,0.76,,in,OVERMOLD-LEADED,,,70.0,,,0.0,,N,DISABLED,ENABLED,,0,0,,,6.5,SMT,SOT-223 (TO-261AA),1.6,SOT,mm,3.5,2.0,1.27,mm,0.75,,DEFAULT,,,,,,,,,,90,1,0,0,DEFAULT,LEADED MODEL,0.0635,,,MM,,0,,,BLACK BOX,,,C,,6.916e-2,0.25,0,-1.65,0
Q5,,PZT3904,TRANSISTOR,"XSTR,GEN PURP,NPN,SOT-223,RoHS",,,,,,,,,,,,,,,DISABLED,,,,,,,MM,TOP,,,TOP_BOTTOM,0,SQUARE,4.875,SILICON,0.185,MM,2.625,,"TRANS, NPN, SILICON, SWITCH",,,,MM,,,,,90.0,0.205,0.205,4,0.75,65,GULLWING,0.86,1.0170679286326199,SINGLE_1,0,COPPER,2.3,0,1,0.06,911.38,0.3,mm,0.76,,in,OVERMOLD-LEADED,,,70.0,,,0.0,,N,DISABLED,ENABLED,,0,0,,,6.5,SMT,SOT-223 (TO-261AA),1.6,SOT,mm,3.5,2.0,1.27,mm,0.75,,DEFAULT,,,,,,,,,,270,1,0,0,DEFAULT,LEADED MODEL,0.0635,,,MM,,0,,,BLACK BOX,,,C,,6.916e-2,-0.75,0,1.65,0
Q6,,PZT3904,TRANSISTOR,"XSTR,GEN PURP,NPN,SOT-223,RoHS",,,,,,,,,,,,,,,DISABLED,,,,,,,MM,TOP,,,TOP_BOTTOM,0,SQUARE,4.875,SILICON,0.185,MM,2.625,,"TRANS, NPN, SILICON, SWITCH",,,,MM,,,,,90.0,0.205,0.205,4,0.75,65,GULLWING,0.86,1.0170679286326199,SINGLE_1,0,COPPER,2.3,0,1,0.06,911.38,0.3,mm,0.76,,in,OVERMOLD-LEADED,,,70.0,,,0.0,,N,DISABLED,ENABLED,,0,0,,,6.5,SMT,SOT-223 (TO-261AA),1.6,SOT,mm,3.5,2.0,1.27,mm,0.75,,DEFAULT,,,,,,,,,,270,1,0,0,DEFAULT,LEADED MODEL,0.0635,,,MM,,0,,,BLACK BOX,,,C,,6.916e-2,-0.25,0,1.65,0
Q7,,PZT3904,TRANSISTOR,"XSTR,GEN PURP,NPN,SOT-223,RoHS",,,,,,,,,,,,,,,DISABLED,,,,,,,MM,TOP,,,TOP_BOTTOM,0,SQUARE,4.875,SILICON,0.185,MM,2.625,,"TRANS, NPN, SILICON, SWITCH",,,,MM,,,,,90.0,0.205,0.205,4,0.75,65,GULLWING,0.86,1.0170679286326199,SINGLE_1,0,COPPER,2.3,0,1,0.06,911.38,0.3,mm,0.76,,in,OVERMOLD-LEADED,,,70.0,,,0.0,,N,DISABLED,ENABLED,,0,0,,,6.5,SMT,SOT-223 (TO-261AA),1.6,SOT,mm,3.5,2.0,1.27,mm,0.75,,DEFAULT,,,,,,,,,,90,1,0,0,DEFAULT,LEADED MODEL,0.0635,,,MM,,0,,,BLACK BOX,,,C,,6.916e-2,0.75,0,1.65,0
Q8,,PZT3904,TRANSISTOR,"XSTR,GEN PURP,NPN,SOT-223,RoHS",,,,,,,,,,,,,,,DISABLED,,,,,,,MM,TOP,,,TOP_BOTTOM,0,SQUARE,4.875,SILICON,0.185,MM,2.625,,"TRANS, NPN, SILICON, SWITCH",,,,MM,,,,,90.0,0.205,0.205,4,0.75,65,GULLWING,0.86,1.0170679286326199,SINGLE_1,0,COPPER,2.3,0,1,0.06,911.38,0.3,mm,0.76,,in,OVERMOLD-LEADED,,,70.0,,,0.0,,N,DISABLED,ENABLED,,0,0,,,6.5,SMT,SOT-223 (TO-261AA),1.6,SOT,mm,3.5,2.0,1.27,mm,0.75,,DEFAULT,,,,,,,,,,90,1,0,0,DEFAULT,LEADED MODEL,0.0635,,,MM,,0,,,BLACK BOX,,,C,,6.916e-2,0.25,0,1.65,0
Q9,,IRLR3410PBF,TRANSISTOR,"MOSFET,PWR,100V,17A,.105 OHM DPAK,RoHS",,,,,,,,,,,,,,,DISABLED,,,,,,,MM,BOTTOM,,,TOP_BOTTOM,0,SQUARE,4.5,SILICON,0.185,MM,4.875,,"TRANS, NPN, SILICON, SWITCH",,,,MM,,,,,90.0,0.145,0.145,2,1.5,65,GULLWING,1.295,1.2146644765635584,SINGLE_SINK,0,COPPER,4.57,0,1.25,0.15,2981.18,0.67,mm,0.762,,in,OVERMOLD-LEADED,,,70.0,,,0.0,,N,DISABLED,ENABLED,,0,0,,,6.0,SMT,DPAK (TO-252AA),2.29,DPAK,mm,6.5,2.0,1.27,mm,0.75,,DEFAULT,,,,,,,,,,270,1.08,0.67,5.2,DEFAULT,LEADED MODEL,0.0635,,,MM,,0,,,BLACK BOX,,,C,,1.697e-1,-1.338,0,1.671,0
Q10,,IRLR3410PBF,TRANSISTOR,"MOSFET,PWR,100V,17A,.105 OHM DPAK,RoHS",,,,,,,,,,,,,,,DISABLED,,,,,,,MM,BOTTOM,,,TOP_BOTTOM,0,SQUARE,4.5,SILICON,0.185,MM,4.875,,"TRANS, NPN, SILICON, SWITCH",,,,MM,,,,,90.0,0.145,0.145,2,1.5,65,GULLWING,1.295,1.2146644765635584,SINGLE_SINK,0,COPPER,4.57,0,1.25,0.15,2981.18,0.67,mm,0.762,,in,OVERMOLD-LEADED,,,70.0,,,0.0,,N,DISABLED,ENABLED,,0,0,,,6.0,SMT,DPAK (TO-252AA),2.29,DPAK,mm,6.5,2.0,1.27,mm,0.75,,DEFAULT,,,,,,,,,,90,1.08,0.67,5.2,DEFAULT,LEADED MODEL,0.0635,,,MM,,0,,,BLACK BOX,,,C,,1.697e-1,1.264,0,-1.645,0
Q11,,IRLR3410PBF,TRANSISTOR,"MOSFET,PWR,100V,17A,.105 OHM DPAK,RoHS",,,,,,,,,,,,,,,DISABLED,,,,,,,MM,BOTTOM,,,TOP_BOTTOM,0,SQUARE,4.5,SILICON,0.185,MM,4.875,,"TRANS, NPN, SILICON, SWITCH",,,,MM,,,,,90.0,0.145,0.145,2,1.5,65,GULLWING,1.295,1.2146644765635584,SINGLE_SINK,0,COPPER,4.57,0,1.25,0.15,2981.18,0.67,mm,0.762,,in,OVERMOLD-LEADED,,,70.0,,,0.0,,N,DISABLED,ENABLED,,0,0,,,6.0,SMT,DPAK (TO-252AA),2.29,DPAK,mm,6.5,2.0,1.27,mm,0.75,,DEFAULT,,,,,,,,,,270,1.08,0.67,5.2,DEFAULT,LEADED MODEL,0.0635,,,MM,,0,,,BLACK BOX,,,C,,1.697e-1,-1.332,0,-1.619,0
Q12,,IRLR3410PBF,TRANSISTOR,"MOSFET,PWR,100V,17A,.105 OHM DPAK,RoHS",,,,,,,,,,,,,,,DISABLED,,,,,,,MM,BOTTOM,,,TOP_BOTTOM,0,SQUARE,4.5,SILICON,0.185,MM,4.875,,"TRANS, NPN, SILICON, SWITCH",,,,MM,,,,,90.0,0.145,0.145,2,1.5,65,GULLWING,1.295,1.2146644765635584,SINGLE_SINK,0,COPPER,4.57,0,1.25,0.15,2981.18,0.67,mm,0.762,,in,OVERMOLD-LEADED,,,70.0,,,0.0,,N,DISABLED,ENABLED,,0,0,,,6.0,SMT,DPAK (TO-252AA),2.29,DPAK,mm,6.5,2.0,1.27,mm,0.75,,DEFAULT,,,,,,,,,,270,1.08,0.67,5.2,DEFAULT,LEADED MODEL,0.0635,,,MM,,0,,,BLACK BOX,,,C,,1.697e-1,-1.854,0,-1.619,0
Q13,,IRLR3410PBF,TRANSISTOR,"MOSFET,PWR,100V,17A,.105 OHM DPAK,RoHS",,,,,,,,,,,,,,,DISABLED,,,,,,,MM,BOTTOM,,,TOP_BOTTOM,0,SQUARE,4.5,SILICON,0.185,MM,4.875,,"TRANS, NPN, SILICON, SWITCH",,,,MM,,,,,90.0,0.145,0.145,2,1.5,65,GULLWING,1.295,1.2146644765635584,SINGLE_SINK,0,COPPER,4.57,0,1.25,0.15,2981.18,0.67,mm,0.762,,in,OVERMOLD-LEADED,,,70.0,,,0.0,,N,DISABLED,ENABLED,,0,0,,,6.0,SMT,DPAK (TO-252AA),2.29,DPAK,mm,6.5,2.0,1.27,mm,0.75,,DEFAULT,,,,,,,,,,270,1.08,0.67,5.2,DEFAULT,LEADED MODEL,0.0635,,,MM,,0,,,BLACK BOX,,,C,,1.697e-1,-1.8530000000000002,0,1.671,0
Q14,,IRLR3410PBF,TRANSISTOR,"MOSFET,PWR,100V,17A,.105 OHM DPAK,RoHS",,,,,,,,,,,,,,,DISABLED,,,,,,,MM,BOTTOM,,,TOP_BOTTOM,0,SQUARE,4.5,SILICON,0.185,MM,4.875,,"TRANS, NPN, SILICON, SWITCH",,,,MM,,,,,90.0,0.145,0.145,2,1.5,65,GULLWING,1.295,1.2146644765635584,SINGLE_SINK,0,COPPER,4.57,0,1.25,0.15,2981.18,0.67,mm,0.762,,in,OVERMOLD-LEADED,,,70.0,,,0.0,,N,DISABLED,ENABLED,,0,0,,,6.0,SMT,DPAK (TO-252AA),2.29,DPAK,mm,6.5,2.0,1.27,mm,0.75,,DEFAULT,,,,,,,,,,90,1.08,0.67,5.2,DEFAULT,LEADED MODEL,0.0635,,,MM,,0,,,BLACK BOX,,,C,,1.697e-1,1.816,0,1.6749999999999998,0
Q15,,IRLR3410PBF,TRANSISTOR,"MOSFET,PWR,100V,17A,.105 OHM DPAK,RoHS",,,,,,,,,,,,,,,DISABLED,,,,,,,MM,BOTTOM,,,TOP_BOTTOM,0,SQUARE,4.5,SILICON,0.185,MM,4.875,,"TRANS, NPN, SILICON, SWITCH",,,,MM,,,,,90.0,0.145,0.145,2,1.5,65,GULLWING,1.295,1.2146644765635584,SINGLE_SINK,0,COPPER,4.57,0,1.25,0.15,2981.18,0.67,mm,0.762,,in,OVERMOLD-LEADED,,,70.0,,,0.0,,N,DISABLED,ENABLED,,0,0,,,6.0,SMT,DPAK (TO-252AA),2.29,DPAK,mm,6.5,2.0,1.27,mm,0.75,,DEFAULT,,,,,,,,,,90,1.08,0.67,5.2,DEFAULT,LEADED MODEL,0.0635,,,MM,,0,,,BLACK BOX,,,C,,1.697e-1,1.264,0,1.6729999999999998,0
Q16,,IRLR3410PBF,TRANSISTOR,"MOSFET,PWR,100V,17A,.105 OHM DPAK,RoHS",,,,,,,,,,,,,,,DISABLED,,,,,,,MM,BOTTOM,,,TOP_BOTTOM,0,SQUARE,4.5,SILICON,0.185,MM,4.875,,"TRANS, NPN, SILICON, SWITCH",,,,MM,,,,,90.0,0.145,0.145,2,1.5,65,GULLWING,1.295,1.2146644765635584,SINGLE_SINK,0,COPPER,4.57,0,1.25,0.15,2981.18,0.67,mm,0.762,,in,OVERMOLD-LEADED,,,70.0,,,0.0,,N,DISABLED,ENABLED,,0,0,,,6.0,SMT,DPAK (TO-252AA),2.29,DPAK,mm,6.5,2.0,1.27,mm,0.75,,DEFAULT,,,,,,,,,,90,1.08,0.67,5.2,DEFAULT,LEADED MODEL,0.0635,,,MM,,0,,,BLACK BOX,,,C,,1.697e-1,1.7850000000000001,0,-1.647,0
R1,,CRCW25120000Z0EG,RESISTOR,"Res, 0 OHM, 1 W, 5%, 2512,RoHS",,,,,,,,,,,,,,,DISABLED,,,,,,,,TOP,,,TOP_BOTTOM,0,SQUARE,,,,,,,"RES, FIXED, GENERAL",,,,,,,,,,,,2,,,LEADLESS,,,,,,,,,,,,,,,in,ALUMINA,,,70.0,,,0.0,,N,DISABLED,ENABLED,,0,0,,,6.4,SMT,2512,0.6,CC,mm,3.2,1.28,6.40,mm,3.20,,DEFAULT,,,,,,,,,,0,,,,DEFAULT,CC MODEL,0.0635,,,MM,,0,,,BLACK BOX,,,C,,4.485e-2,-3.1,0,1.7,0
R2,,CRCW25120000Z0EG,RESISTOR,"Res, 0 OHM, 1 W, 5%, 2512,RoHS",,,,,,,,,,,,,,,DISABLED,,,,,,,,TOP,,,TOP_BOTTOM,0,SQUARE,,,,,,,"RES, FIXED, GENERAL",,,,,,,,,,,,2,,,LEADLESS,,,,,,,,,,,,,,,in,ALUMINA,,,70.0,,,0.0,,N,DISABLED,ENABLED,,0,0,,,6.4,SMT,2512,0.6,CC,mm,3.2,1.28,6.40,mm,3.20,,DEFAULT,,,,,,,,,,0,,,,DEFAULT,CC MODEL,0.0635,,,MM,,0,,,BLACK BOX,,,C,,4.485e-2,-3.1,0,1.5,0
R3,,CRCW25120000Z0EG,RESISTOR,"Res, 0 OHM, 1 W, 5%, 2512,RoHS",,,,,,,,,,,,,,,DISABLED,,,,,,,,TOP,,,TOP_BOTTOM,0,SQUARE,,,,,,,"RES, FIXED, GENERAL",,,,,,,,,,,,2,,,LEADLESS,,,,,,,,,,,,,,,in,ALUMINA,,,70.0,,,0.0,,N,DISABLED,ENABLED,,0,0,,,6.4,SMT,2512,0.6,CC,mm,3.2,1.28,6.40,mm,3.20,,DEFAULT,,,,,,,,,,0,,,,DEFAULT,CC MODEL,0.0635,,,MM,,0,,,BLACK BOX,,,C,,4.485e-2,-3.1,0,1.3,0
R4,,CRCW25120000Z0EG,RESISTOR,"Res, 0 OHM, 1 W, 5%, 2512,RoHS",,,,,,,,,,,,,,,DISABLED,,,,,,,,TOP,,,TOP_BOTTOM,0,SQUARE,,,,,,,"RES, FIXED, GENERAL",,,,,,,,,,,,2,,,LEADLESS,,,,,,,,,,,,,,,in,ALUMINA,,,70.0,,,0.0,,N,DISABLED,ENABLED,,0,0,,,6.4,SMT,2512,0.6,CC,mm,3.2,1.28,6.40,mm,3.20,,DEFAULT,,,,,,,,,,0,,,,DEFAULT,CC MODEL,0.0635,,,MM,,0,,,BLACK BOX,,,C,,4.485e-2,-3.1,0,1.1,0
R5,,CRCW25120000Z0EG,RESISTOR,"Res, 0 OHM, 1 W, 5%, 2512,RoHS",,,,,,,,,,,,,,,DISABLED,,,,,,,,TOP,,,TOP_BOTTOM,0,SQUARE,,,,,,,"RES, FIXED, GENERAL",,,,,,,,,,,,2,,,LEADLESS,,,,,,,,,,,,,,,in,ALUMINA,,,70.0,,,0.0,,N,DISABLED,ENABLED,,0,0,,,6.4,SMT,2512,0.6,CC,mm,3.2,1.28,6.40,mm,3.20,,DEFAULT,,,,,,,,,,0,,,,DEFAULT,CC MODEL,0.0635,,,MM,,0,,,BLACK BOX,,,C,,4.485e-2,-3.1,0,0.9,0
R6,,CRCW25120000Z0EG,RESISTOR,"Res, 0 OHM, 1 W, 5%, 2512,RoHS",,,,,,,,,,,,,,,DISABLED,,,,,,,,TOP,,,TOP_BOTTOM,0,SQUARE,,,,,,,"RES, FIXED, GENERAL",,,,,,,,,,,,2,,,LEADLESS,,,,,,,,,,,,,,,in,ALUMINA,,,70.0,,,0.0,,N,DISABLED,ENABLED,,0,0,,,6.4,SMT,2512,0.6,CC,mm,3.2,1.28,6.40,mm,3.20,,DEFAULT,,,,,,,,,,0,,,,DEFAULT,CC MODEL,0.0635,,,MM,,0,,,BLACK BOX,,,C,,4.485e-2,-3.1,0,0.7,0
R7,,CRCW25120000Z0EG,RESISTOR,"Res, 0 OHM, 1 W, 5%, 2512,RoHS",,,,,,,,,,,,,,,DISABLED,,,,,,,,TOP,,,TOP_BOTTOM,0,SQUARE,,,,,,,"RES, FIXED, GENERAL",,,,,,,,,,,,2,,,LEADLESS,,,,,,,,,,,,,,,in,ALUMINA,,,70.0,,,0.0,,N,DISABLED,ENABLED,,0,0,,,6.4,SMT,2512,0.6,CC,mm,3.2,1.28,6.40,mm,3.20,,DEFAULT,,,,,,,,,,0,,,,DEFAULT,CC MODEL,0.0635,,,MM,,0,,,BLACK BOX,,,C,,4.485e-2,-3.1,0,0.5,0
R8,,CRCW25120000Z0EG,RESISTOR,"Res, 0 OHM, 1 W, 5%, 2512,RoHS",,,,,,,,,,,,,,,DISABLED,,,,,,,,TOP,,,TOP_BOTTOM,0,SQUARE,,,,,,,"RES, FIXED, GENERAL",,,,,,,,,,,,2,,,LEADLESS,,,,,,,,,,,,,,,in,ALUMINA,,,70.0,,,0.0,,N,DISABLED,ENABLED,,0,0,,,6.4,SMT,2512,0.6,CC,mm,3.2,1.28,6.40,mm,3.20,,DEFAULT,,,,,,,,,,0,,,,DEFAULT,CC MODEL,0.0635,,,MM,,0,,,BLACK BOX,,,C,,4.485e-2,-3.1,0,0.3,0
R9,,CRCW25120000Z0EG,RESISTOR,"Res, 0 OHM, 1 W, 5%, 2512,RoHS",,,,,,,,,,,,,,,DISABLED,,,,,,,,TOP,,,TOP_BOTTOM,0,SQUARE,,,,,,,"RES, FIXED, GENERAL",,,,,,,,,,,,2,,,LEADLESS,,,,,,,,,,,,,,,in,ALUMINA,,,70.0,,,0.0,,N,DISABLED,ENABLED,,0,0,,,6.4,SMT,2512,0.6,CC,mm,3.2,1.28,6.40,mm,3.20,,DEFAULT,,,,,,,,,,0,,,,DEFAULT,CC MODEL,0.0635,,,MM,,0,,,BLACK BOX,,,C,,4.485e-2,-3.1,0,0.1,0
R10,,CRCW25120000Z0EG,RESISTOR,"Res, 0 OHM, 1 W, 5%, 2512,RoHS",,,,,,,,,,,,,,,DISABLED,,,,,,,,TOP,,,TOP_BOTTOM,0,SQUARE,,,,,,,"RES, FIXED, GENERAL",,,,,,,,,,,,2,,,LEADLESS,,,,,,,,,,,,,,,in,ALUMINA,,,70.0,,,0.0,,N,DISABLED,ENABLED,,0,0,,,6.4,SMT,2512,0.6,CC,mm,3.2,1.28,6.40,mm,3.20,,DEFAULT,,,,,,,,,,0,,,,DEFAULT,CC MODEL,0.0635,,,MM,,0,,,BLACK BOX,,,C,,4.485e-2,-3.1,0,-0.1,0
R11,,CRCW25120000Z0EG,RESISTOR,"Res, 0 OHM, 1 W, 5%, 2512,RoHS",,,,,,,,,,,,,,,DISABLED,,,,,,,,TOP,,,TOP_BOTTOM,0,SQUARE,,,,,,,"RES, FIXED, GENERAL",,,,,,,,,,,,2,,,LEADLESS,,,,,,,,,,,,,,,in,ALUMINA,,,70.0,,,0.0,,N,DISABLED,ENABLED,,0,0,,,6.4,SMT,2512,0.6,CC,mm,3.2,1.28,6.40,mm,3.20,,DEFAULT,,,,,,,,,,0,,,,DEFAULT,CC MODEL,0.0635,,,MM,,0,,,BLACK BOX,,,C,,4.485e-2,-3.1,0,-0.3,0
R12,,CRCW25120000Z0EG,RESISTOR,"Res, 0 OHM, 1 W, 5%, 2512,RoHS",,,,,,,,,,,,,,,DISABLED,,,,,,,,TOP,,,TOP_BOTTOM,0,SQUARE,,,,,,,"RES, FIXED, GENERAL",,,,,,,,,,,,2,,,LEADLESS,,,,,,,,,,,,,,,in,ALUMINA,,,70.0,,,0.0,,N,DISABLED,ENABLED,,0,0,,,6.4,SMT,2512,0.6,CC,mm,3.2,1.28,6.40,mm,3.20,,DEFAULT,,,,,,,,,,0,,,,DEFAULT,CC MODEL,0.0635,,,MM,,0,,,BLACK BOX,,,C,,4.485e-2,-3.1,0,-0.5,0
R13,,CRCW25120000Z0EG,RESISTOR,"Res, 0 OHM, 1 W, 5%, 2512,RoHS",,,,,,,,,,,,,,,DISABLED,,,,,,,,TOP,,,TOP_BOTTOM,0,SQUARE,,,,,,,"RES, FIXED, GENERAL",,,,,,,,,,,,2,,,LEADLESS,,,,,,,,,,,,,,,in,ALUMINA,,,70.0,,,0.0,,N,DISABLED,ENABLED,,0,0,,,6.4,SMT,2512,0.6,CC,mm,3.2,1.28,6.40,mm,3.20,,DEFAULT,,,,,,,,,,0,,,,DEFAULT,CC MODEL,0.0635,,,MM,,0,,,BLACK BOX,,,C,,4.485e-2,-3.1,0,-0.7,0
R14,,CRCW25120000Z0EG,RESISTOR,"Res, 0 OHM, 1 W, 5%, 2512,RoHS",,,,,,,,,,,,,,,DISABLED,,,,,,,,TOP,,,TOP_BOTTOM,0,SQUARE,,,,,,,"RES, FIXED, GENERAL",,,,,,,,,,,,2,,,LEADLESS,,,,,,,,,,,,,,,in,ALUMINA,,,70.0,,,0.0,,N,DISABLED,ENABLED,,0,0,,,6.4,SMT,2512,0.6,CC,mm,3.2,1.28,6.40,mm,3.20,,DEFAULT,,,,,,,,,,0,,,,DEFAULT,CC MODEL,0.0635,,,MM,,0,,,BLACK BOX,,,C,,4.485e-2,-3.1,0,-0.9,0
R15,,CRCW25120000Z0EG,RESISTOR,"Res, 0 OHM, 1 W, 5%, 2512,RoHS",,,,,,,,,,,,,,,DISABLED,,,,,,,,TOP,,,TOP_BOTTOM,0,SQUARE,,,,,,,"RES, FIXED, GENERAL",,,,,,,,,,,,2,,,LEADLESS,,,,,,,,,,,,,,,in,ALUMINA,,,70.0,,,0.0,,N,DISABLED,ENABLED,,0,0,,,6.4,SMT,2512,0.6,CC,mm,3.2,1.28,6.40,mm,3.20,,DEFAULT,,,,,,,,,,0,,,,DEFAULT,CC MODEL,0.0635,,,MM,,0,,,BLACK BOX,,,C,,4.485e-2,-3.1,0,-1.1,0
R16,,CRCW25120000Z0EG,RESISTOR,"Res, 0 OHM, 1 W, 5%, 2512,RoHS",,,,,,,,,,,,,,,DISABLED,,,,,,,,TOP,,,TOP_BOTTOM,0,SQUARE,,,,,,,"RES, FIXED, GENERAL",,,,,,,,,,,,2,,,LEADLESS,,,,,,,,,,,,,,,in,ALUMINA,,,70.0,,,0.0,,N,DISABLED,ENABLED,,0,0,,,6.4,SMT,2512,0.6,CC,mm,3.2,1.28,6.40,mm,3.20,,DEFAULT,,,,,,,,,,0,,,,DEFAULT,CC MODEL,0.0635,,,MM,,0,,,BLACK BOX,,,C,,4.485e-2,-3.1,0,-1.3,0
R17,,CRCW25120000Z0EG,RESISTOR,"Res, 0 OHM, 1 W, 5%, 2512,RoHS",,,,,,,,,,,,,,,DISABLED,,,,,,,,TOP,,,TOP_BOTTOM,0,SQUARE,,,,,,,"RES, FIXED, GENERAL",,,,,,,,,,,,2,,,LEADLESS,,,,,,,,,,,,,,,in,ALUMINA,,,70.0,,,0.0,,N,DISABLED,ENABLED,,0,0,,,6.4,SMT,2512,0.6,CC,mm,3.2,1.28,6.40,mm,3.20,,DEFAULT,,,,,,,,,,0,,,,DEFAULT,CC MODEL,0.0635,,,MM,,0,,,BLACK BOX,,,C,,4.485e-2,-3.1,0,-1.5,0
R18,,CRCW25120000Z0EG,RESISTOR,"Res, 0 OHM, 1 W, 5%, 2512,RoHS",,,,,,,,,,,,,,,DISABLED,,,,,,,,TOP,,,TOP_BOTTOM,0,SQUARE,,,,,,,"RES, FIXED, GENERAL",,,,,,,,,,,,2,,,LEADLESS,,,,,,,,,,,,,,,in,ALUMINA,,,70.0,,,0.0,,N,DISABLED,ENABLED,,0,0,,,6.4,SMT,2512,0.6,CC,mm,3.2,1.28,6.40,mm,3.20,,DEFAULT,,,,,,,,,,0,,,,DEFAULT,CC MODEL,0.0635,,,MM,,0,,,BLACK BOX,,,C,,4.485e-2,-3.1,0,-1.7,0
R19,,RC1206JR-070RL,RESISTOR,"Res,0 OHM,1/8W, 5%,1206,RoHS",,,,,,,,,,,,,,,DISABLED,,,,,,,,BOTTOM,,,TOP_BOTTOM,0,SQUARE,,,,,,,"RES, FIXED, GENERAL",,,,,,,,,,,,2,,,LEADLESS,,,,,,,,,,,,,,,in,ALUMINA,,,70.0,,,0.0,,N,DISABLED,ENABLED,,0,0,,,3.2,SMT,1206,0.6,CC,mm,1.6,0.64,3.20,mm,1.60,,DEFAULT,,,,,,,,,,90,,,,DEFAULT,CC MODEL,0.0635,,,MM,,0,,,BLACK BOX,,,C,,1.121e-2,-1.625,0,2.1,0
R20,,RC1206JR-070RL,RESISTOR,"Res,0 OHM,1/8W, 5%,1206,RoHS",,,,,,,,,,,,,,,DISABLED,,,,,,,,BOTTOM,,,TOP_BOTTOM,0,SQUARE,,,,,,,"RES, FIXED, GENERAL",,,,,,,,,,,,2,,,LEADLESS,,,,,,,,,,,,,,,in,ALUMINA,,,70.0,,,0.0,,N,DISABLED,ENABLED,,0,0,,,3.2,SMT,1206,0.6,CC,mm,1.6,0.64,3.20,mm,1.60,,DEFAULT,,,,,,,,,,90,,,,DEFAULT,CC MODEL,0.0635,,,MM,,0,,,BLACK BOX,,,C,,1.121e-2,-1.375,0,2.1,0
R21,,RC1206JR-070RL,RESISTOR,"Res,0 OHM,1/8W, 5%,1206,RoHS",,,,,,,,,,,,,,,DISABLED,,,,,,,,BOTTOM,,,TOP_BOTTOM,0,SQUARE,,,,,,,"RES, FIXED, GENERAL",,,,,,,,,,,,2,,,LEADLESS,,,,,,,,,,,,,,,in,ALUMINA,,,70.0,,,0.0,,N,DISABLED,ENABLED,,0,0,,,3.2,SMT,1206,0.6,CC,mm,1.6,0.64,3.20,mm,1.60,,DEFAULT,,,,,,,,,,90,,,,DEFAULT,CC MODEL,0.0635,,,MM,,0,,,BLACK BOX,,,C,,1.121e-2,-1.125,0,2.1,0
R22,,RC1206JR-070RL,RESISTOR,"Res,0 OHM,1/8W, 5%,1206,RoHS",,,,,,,,,,,,,,,DISABLED,,,,,,,,BOTTOM,,,TOP_BOTTOM,0,SQUARE,,,,,,,"RES, FIXED, GENERAL",,,,,,,,,,,,2,,,LEADLESS,,,,,,,,,,,,,,,in,ALUMINA,,,70.0,,,0.0,,N,DISABLED,ENABLED,,0,0,,,3.2,SMT,1206,0.6,CC,mm,1.6,0.64,3.20,mm,1.60,,DEFAULT,,,,,,,,,,90,,,,DEFAULT,CC MODEL,0.0635,,,MM,,0,,,BLACK BOX,,,C,,1.121e-2,-0.875,0,2.1,0
R23,,RC1206JR-070RL,RESISTOR,"Res,0 OHM,1/8W, 5%,1206,RoHS",,,,,,,,,,,,,,,DISABLED,,,,,,,,BOTTOM,,,TOP_BOTTOM,0,SQUARE,,,,,,,"RES, FIXED, GENERAL",,,,,,,,,,,,2,,,LEADLESS,,,,,,,,,,,,,,,in,ALUMINA,,,70.0,,,0.0,,N,DISABLED,ENABLED,,0,0,,,3.2,SMT,1206,0.6,CC,mm,1.6,0.64,3.20,mm,1.60,,DEFAULT,,,,,,,,,,90,,,,DEFAULT,CC MODEL,0.0635,,,MM,,0,,,BLACK BOX,,,C,,1.121e-2,-0.625,0,2.1,0
R24,,RC1206JR-070RL,RESISTOR,"Res,0 OHM,1/8W, 5%,1206,RoHS",,,,,,,,,,,,,,,DISABLED,,,,,,,,BOTTOM,,,TOP_BOTTOM,0,SQUARE,,,,,,,"RES, FIXED, GENERAL",,,,,,,,,,,,2,,,LEADLESS,,,,,,,,,,,,,,,in,ALUMINA,,,70.0,,,0.0,,N,DISABLED,ENABLED,,0,0,,,3.2,SMT,1206,0.6,CC,mm,1.6,0.64,3.20,mm,1.60,,DEFAULT,,,,,,,,,,90,,,,DEFAULT,CC MODEL,0.0635,,,MM,,0,,,BLACK BOX,,,C,,1.121e-2,-0.375,0,2.1,0
R25,,RC1206JR-070RL,RESISTOR,"Res,0 OHM,1/8W, 5%,1206,RoHS",,,,,,,,,,,,,,,DISABLED,,,,,,,,BOTTOM,,,TOP_BOTTOM,0,SQUARE,,,,,,,"RES, FIXED, GENERAL",,,,,,,,,,,,2,,,LEADLESS,,,,,,,,,,,,,,,in,ALUMINA,,,70.0,,,0.0,,N,DISABLED,ENABLED,,0,0,,,3.2,SMT,1206,0.6,CC,mm,1.6,0.64,3.20,mm,1.60,,DEFAULT,,,,,,,,,,90,,,,DEFAULT,CC MODEL,0.0635,,,MM,,0,,,BLACK BOX,,,C,,1.121e-2,-0.125,0,2.1,0
R26,,RC1206JR-070RL,RESISTOR,"Res,0 OHM,1/8W, 5%,1206,RoHS",,,,,,,,,,,,,,,DISABLED,,,,,,,,BOTTOM,,,TOP_BOTTOM,0,SQUARE,,,,,,,"RES, FIXED, GENERAL",,,,,,,,,,,,2,,,LEADLESS,,,,,,,,,,,,,,,in,ALUMINA,,,70.0,,,0.0,,N,DISABLED,ENABLED,,0,0,,,3.2,SMT,1206,0.6,CC,mm,1.6,0.64,3.20,mm,1.60,,DEFAULT,,,,,,,,,,90,,,,DEFAULT,CC MODEL,0.0635,,,MM,,0,,,BLACK BOX,,,C,,1.121e-2,0.125,0,2.1,0
R27,,RC1206JR-070RL,RESISTOR,"Res,0 OHM,1/8W, 5%,1206,RoHS",,,,,,,,,,,,,,,DISABLED,,,,,,,,BOTTOM,,,TOP_BOTTOM,0,SQUARE,,,,,,,"RES, FIXED, GENERAL",,,,,,,,,,,,2,,,LEADLESS,,,,,,,,,,,,,,,in,ALUMINA,,,70.0,,,0.0,,N,DISABLED,ENABLED,,0,0,,,3.2,SMT,1206,0.6,CC,mm,1.6,0.64,3.20,mm,1.60,,DEFAULT,,,,,,,,,,90,,,,DEFAULT,CC MODEL,0.0635,,,MM,,0,,,BLACK BOX,,,C,,1.121e-2,0.375,0,2.1,0
R28,,RC1206JR-070RL,RESISTOR,"Res,0 OHM,1/8W, 5%,1206,RoHS",,,,,,,,,,,,,,,DISABLED,,,,,,,,BOTTOM,,,TOP_BOTTOM,0,SQUARE,,,,,,,"RES, FIXED, GENERAL",,,,,,,,,,,,2,,,LEADLESS,,,,,,,,,,,,,,,in,ALUMINA,,,70.0,,,0.0,,N,DISABLED,ENABLED,,0,0,,,3.2,SMT,1206,0.6,CC,mm,1.6,0.64,3.20,mm,1.60,,DEFAULT,,,,,,,,,,90,,,,DEFAULT,CC MODEL,0.0635,,,MM,,0,,,BLACK BOX,,,C,,1.121e-2,0.625,0,2.1,0
R29,,RC1206JR-070RL,RESISTOR,"Res,0 OHM,1/8W, 5%,1206,RoHS",,,,,,,,,,,,,,,DISABLED,,,,,,,,BOTTOM,,,TOP_BOTTOM,0,SQUARE,,,,,,,"RES, FIXED, GENERAL",,,,,,,,,,,,2,,,LEADLESS,,,,,,,,,,,,,,,in,ALUMINA,,,70.0,,,0.0,,N,DISABLED,ENABLED,,0,0,,,3.2,SMT,1206,0.6,CC,mm,1.6,0.64,3.20,mm,1.60,,DEFAULT,,,,,,,,,,90,,,,DEFAULT,CC MODEL,0.0635,,,MM,,0,,,BLACK BOX,,,C,,1.121e-2,0.875,0,2.1,0
R30,,RC1206JR-070RL,RESISTOR,"Res,0 OHM,1/8W, 5%,1206,RoHS",,,,,,,,,,,,,,,DISABLED,,,,,,,,BOTTOM,,,TOP_BOTTOM,0,SQUARE,,,,,,,"RES, FIXED, GENERAL",,,,,,,,,,,,2,,,LEADLESS,,,,,,,,,,,,,,,in,ALUMINA,,,70.0,,,0.0,,N,DISABLED,ENABLED,,0,0,,,3.2,SMT,1206,0.6,CC,mm,1.6,0.64,3.20,mm,1.60,,DEFAULT,,,,,,,,,,90,,,,DEFAULT,CC MODEL,0.0635,,,MM,,0,,,BLACK BOX,,,C,,1.121e-2,1.125,0,2.1,0
R31,,RC1206JR-070RL,RESISTOR,"Res,0 OHM,1/8W, 5%,1206,RoHS",,,,,,,,,,,,,,,DISABLED,,,,,,,,BOTTOM,,,TOP_BOTTOM,0,SQUARE,,,,,,,"RES, FIXED, GENERAL",,,,,,,,,,,,2,,,LEADLESS,,,,,,,,,,,,,,,in,ALUMINA,,,70.0,,,0.0,,N,DISABLED,ENABLED,,0,0,,,3.2,SMT,1206,0.6,CC,mm,1.6,0.64,3.20,mm,1.60,,DEFAULT,,,,,,,,,,90,,,,DEFAULT,CC MODEL,0.0635,,,MM,,0,,,BLACK BOX,,,C,,1.121e-2,1.375,0,2.1,0
R32,,RC1206JR-070RL,RESISTOR,"Res,0 OHM,1/8W, 5%,1206,RoHS",,,,,,,,,,,,,,,DISABLED,,,,,,,,BOTTOM,,,TOP_BOTTOM,0,SQUARE,,,,,,,"RES, FIXED, GENERAL",,,,,,,,,,,,2,,,LEADLESS,,,,,,,,,,,,,,,in,ALUMINA,,,70.0,,,0.0,,N,DISABLED,ENABLED,,0,0,,,3.2,SMT,1206,0.6,CC,mm,1.6,0.64,3.20,mm,1.60,,DEFAULT,,,,,,,,,,90,,,,DEFAULT,CC MODEL,0.0635,,,MM,,0,,,BLACK BOX,,,C,,1.121e-2,1.625,0,2.1,0
R33,,RC1206JR-070RL,RESISTOR,"Res,0 OHM,1/8W, 5%,1206,RoHS",,,,,,,,,,,,,,,DISABLED,,,,,,,,BOTTOM,,,TOP_BOTTOM,0,SQUARE,,,,,,,"RES, FIXED, GENERAL",,,,,,,,,,,,2,,,LEADLESS,,,,,,,,,,,,,,,in,ALUMINA,,,70.0,,,0.0,,N,DISABLED,ENABLED,,0,0,,,3.2,SMT,1206,0.6,CC,mm,1.6,0.64,3.20,mm,1.60,,DEFAULT,,,,,,,,,,90,,,,DEFAULT,CC MODEL,0.0635,,,MM,,0,,,BLACK BOX,,,C,,1.121e-2,-1.625,0,1.95,0
R34,,RC1206JR-070RL,RESISTOR,"Res,0 OHM,1/8W, 5%,1206,RoHS",,,,,,,,,,,,,,,DISABLED,,,,,,,,BOTTOM,,,TOP_BOTTOM,0,SQUARE,,,,,,,"RES, FIXED, GENERAL",,,,,,,,,,,,2,,,LEADLESS,,,,,,,,,,,,,,,in,ALUMINA,,,70.0,,,0.0,,N,DISABLED,ENABLED,,0,0,,,3.2,SMT,1206,0.6,CC,mm,1.6,0.64,3.20,mm,1.60,,DEFAULT,,,,,,,,,,90,,,,DEFAULT,CC MODEL,0.0635,,,MM,,0,,,BLACK BOX,,,C,,1.121e-2,-1.375,0,1.95,0
R35,,RC1206JR-070RL,RESISTOR,"Res,0 OHM,1/8W, 5%,1206,RoHS",,,,,,,,,,,,,,,DISABLED,,,,,,,,BOTTOM,,,TOP_BOTTOM,0,SQUARE,,,,,,,"RES, FIXED, GENERAL",,,,,,,,,,,,2,,,LEADLESS,,,,,,,,,,,,,,,in,ALUMINA,,,70.0,,,0.0,,N,DISABLED,ENABLED,,0,0,,,3.2,SMT,1206,0.6,CC,mm,1.6,0.64,3.20,mm,1.60,,DEFAULT,,,,,,,,,,90,,,,DEFAULT,CC MODEL,0.0635,,,MM,,0,,,BLACK BOX,,,C,,1.121e-2,-1.125,0,1.95,0
R36,,RC1206JR-070RL,RESISTOR,"Res,0 OHM,1/8W, 5%,1206,RoHS",,,,,,,,,,,,,,,DISABLED,,,,,,,,BOTTOM,,,TOP_BOTTOM,0,SQUARE,,,,,,,"RES, FIXED, GENERAL",,,,,,,,,,,,2,,,LEADLESS,,,,,,,,,,,,,,,in,ALUMINA,,,70.0,,,0.0,,N,DISABLED,ENABLED,,0,0,,,3.2,SMT,1206,0.6,CC,mm,1.6,0.64,3.20,mm,1.60,,DEFAULT,,,,,,,,,,90,,,,DEFAULT,CC MODEL,0.0635,,,MM,,0,,,BLACK BOX,,,C,,1.121e-2,-0.875,0,1.95,0
R37,,RC1206JR-070RL,RESISTOR,"Res,0 OHM,1/8W, 5%,1206,RoHS",,,,,,,,,,,,,,,DISABLED,,,,,,,,BOTTOM,,,TOP_BOTTOM,0,SQUARE,,,,,,,"RES, FIXED, GENERAL",,,,,,,,,,,,2,,,LEADLESS,,,,,,,,,,,,,,,in,ALUMINA,,,70.0,,,0.0,,N,DISABLED,ENABLED,,0,0,,,3.2,SMT,1206,0.6,CC,mm,1.6,0.64,3.20,mm,1.60,,DEFAULT,,,,,,,,,,90,,,,DEFAULT,CC MODEL,0.0635,,,MM,,0,,,BLACK BOX,,,C,,1.121e-2,-0.625,0,1.95,0
R38,,RC1206JR-070RL,RESISTOR,"Res,0 OHM,1/8W, 5%,1206,RoHS",,,,,,,,,,,,,,,DISABLED,,,,,,,,BOTTOM,,,TOP_BOTTOM,0,SQUARE,,,,,,,"RES, FIXED, GENERAL",,,,,,,,,,,,2,,,LEADLESS,,,,,,,,,,,,,,,in,ALUMINA,,,70.0,,,0.0,,N,DISABLED,ENABLED,,0,0,,,3.2,SMT,1206,0.6,CC,mm,1.6,0.64,3.20,mm,1.60,,DEFAULT,,,,,,,,,,90,,,,DEFAULT,CC MODEL,0.0635,,,MM,,0,,,BLACK BOX,,,C,,1.121e-2,-0.375,0,1.95,0
R39,,RC1206JR-070RL,RESISTOR,"Res,0 OHM,1/8W, 5%,1206,RoHS",,,,,,,,,,,,,,,DISABLED,,,,,,,,BOTTOM,,,TOP_BOTTOM,0,SQUARE,,,,,,,"RES, FIXED, GENERAL",,,,,,,,,,,,2,,,LEADLESS,,,,,,,,,,,,,,,in,ALUMINA,,,70.0,,,0.0,,N,DISABLED,ENABLED,,0,0,,,3.2,SMT,1206,0.6,CC,mm,1.6,0.64,3.20,mm,1.60,,DEFAULT,,,,,,,,,,90,,,,DEFAULT,CC MODEL,0.0635,,,MM,,0,,,BLACK BOX,,,C,,1.121e-2,-0.125,0,1.95,0
R40,,RC1206JR-070RL,RESISTOR,"Res,0 OHM,1/8W, 5%,1206,RoHS",,,,,,,,,,,,,,,DISABLED,,,,,,,,BOTTOM,,,TOP_BOTTOM,0,SQUARE,,,,,,,"RES, FIXED, GENERAL",,,,,,,,,,,,2,,,LEADLESS,,,,,,,,,,,,,,,in,ALUMINA,,,70.0,,,0.0,,N,DISABLED,ENABLED,,0,0,,,3.2,SMT,1206,0.6,CC,mm,1.6,0.64,3.20,mm,1.60,,DEFAULT,,,,,,,,,,90,,,,DEFAULT,CC MODEL,0.0635,,,MM,,0,,,BLACK BOX,,,C,,1.121e-2,0.125,0,1.95,0
R41,,RC1206JR-070RL,RESISTOR,"Res,0 OHM,1/8W, 5%,1206,RoHS",,,,,,,,,,,,,,,DISABLED,,,,,,,,BOTTOM,,,TOP_BOTTOM,0,SQUARE,,,,,,,"RES, FIXED, GENERAL",,,,,,,,,,,,2,,,LEADLESS,,,,,,,,,,,,,,,in,ALUMINA,,,70.0,,,0.0,,N,DISABLED,ENABLED,,0,0,,,3.2,SMT,1206,0.6,CC,mm,1.6,0.64,3.20,mm,1.60,,DEFAULT,,,,,,,,,,90,,,,DEFAULT,CC MODEL,0.0635,,,MM,,0,,,BLACK BOX,,,C,,1.121e-2,0.375,0,1.95,0
R42,,RC1206JR-070RL,RESISTOR,"Res,0 OHM,1/8W, 5%,1206,RoHS",,,,,,,,,,,,,,,DISABLED,,,,,,,,BOTTOM,,,TOP_BOTTOM,0,SQUARE,,,,,,,"RES, FIXED, GENERAL",,,,,,,,,,,,2,,,LEADLESS,,,,,,,,,,,,,,,in,ALUMINA,,,70.0,,,0.0,,N,DISABLED,ENABLED,,0,0,,,3.2,SMT,1206,0.6,CC,mm,1.6,0.64,3.20,mm,1.60,,DEFAULT,,,,,,,,,,90,,,,DEFAULT,CC MODEL,0.0635,,,MM,,0,,,BLACK BOX,,,C,,1.121e-2,0.625,0,1.95,0
R43,,RC1206JR-070RL,RESISTOR,"Res,0 OHM,1/8W, 5%,1206,RoHS",,,,,,,,,,,,,,,DISABLED,,,,,,,,BOTTOM,,,TOP_BOTTOM,0,SQUARE,,,,,,,"RES, FIXED, GENERAL",,,,,,,,,,,,2,,,LEADLESS,,,,,,,,,,,,,,,in,ALUMINA,,,70.0,,,0.0,,N,DISABLED,ENABLED,,0,0,,,3.2,SMT,1206,0.6,CC,mm,1.6,0.64,3.20,mm,1.60,,DEFAULT,,,,,,,,,,90,,,,DEFAULT,CC MODEL,0.0635,,,MM,,0,,,BLACK BOX,,,C,,1.121e-2,0.875,0,1.95,0
R44,,RC1206JR-070RL,RESISTOR,"Res,0 OHM,1/8W, 5%,1206,RoHS",,,,,,,,,,,,,,,DISABLED,,,,,,,,BOTTOM,,,TOP_BOTTOM,0,SQUARE,,,,,,,"RES, FIXED, GENERAL",,,,,,,,,,,,2,,,LEADLESS,,,,,,,,,,,,,,,in,ALUMINA,,,70.0,,,0.0,,N,DISABLED,ENABLED,,0,0,,,3.2,SMT,1206,0.6,CC,mm,1.6,0.64,3.20,mm,1.60,,DEFAULT,,,,,,,,,,90,,,,DEFAULT,CC MODEL,0.0635,,,MM,,0,,,BLACK BOX,,,C,,1.121e-2,1.125,0,1.95,0
R45,,RC1206JR-070RL,RESISTOR,"Res,0 OHM,1/8W, 5%,1206,RoHS",,,,,,,,,,,,,,,DISABLED,,,,,,,,BOTTOM,,,TOP_BOTTOM,0,SQUARE,,,,,,,"RES, FIXED, GENERAL",,,,,,,,,,,,2,,,LEADLESS,,,,,,,,,,,,,,,in,ALUMINA,,,70.0,,,0.0,,N,DISABLED,ENABLED,,0,0,,,3.2,SMT,1206,0.6,CC,mm,1.6,0.64,3.20,mm,1.60,,DEFAULT,,,,,,,,,,90,,,,DEFAULT,CC MODEL,0.0635,,,MM,,0,,,BLACK BOX,,,C,,1.121e-2,1.375,0,1.95,0
R46,,RC1206JR-070RL,RESISTOR,"Res,0 OHM,1/8W, 5%,1206,RoHS",,,,,,,,,,,,,,,DISABLED,,,,,,,,BOTTOM,,,TOP_BOTTOM,0,SQUARE,,,,,,,"RES, FIXED, GENERAL",,,,,,,,,,,,2,,,LEADLESS,,,,,,,,,,,,,,,in,ALUMINA,,,70.0,,,0.0,,N,DISABLED,ENABLED,,0,0,,,3.2,SMT,1206,0.6,CC,mm,1.6,0.64,3.20,mm,1.60,,DEFAULT,,,,,,,,,,90,,,,DEFAULT,CC MODEL,0.0635,,,MM,,0,,,BLACK BOX,,,C,,1.121e-2,1.625,0,1.95,0
R47,,RC1206JR-070RL,RESISTOR,"Res,0 OHM,1/8W, 5%,1206,RoHS",,,,,,,,,,,,,,,DISABLED,,,,,,,,BOTTOM,,,TOP_BOTTOM,0,SQUARE,,,,,,,"RES, FIXED, GENERAL",,,,,,,,,,,,2,,,LEADLESS,,,,,,,,,,,,,,,in,ALUMINA,,,70.0,,,0.0,,N,DISABLED,ENABLED,,0,0,,,3.2,SMT,1206,0.6,CC,mm,1.6,0.64,3.20,mm,1.60,,DEFAULT,,,,,,,,,,90,,,,DEFAULT,CC MODEL,0.0635,,,MM,,0,,,BLACK BOX,,,C,,1.121e-2,-1.625,0,-2.1,0
R48,,RC1206JR-070RL,RESISTOR,"Res,0 OHM,1/8W, 5%,1206,RoHS",,,,,,,,,,,,,,,DISABLED,,,,,,,,BOTTOM,,,TOP_BOTTOM,0,SQUARE,,,,,,,"RES, FIXED, GENERAL",,,,,,,,,,,,2,,,LEADLESS,,,,,,,,,,,,,,,in,ALUMINA,,,70.0,,,0.0,,N,DISABLED,ENABLED,,0,0,,,3.2,SMT,1206,0.6,CC,mm,1.6,0.64,3.20,mm,1.60,,DEFAULT,,,,,,,,,,90,,,,DEFAULT,CC MODEL,0.0635,,,MM,,0,,,BLACK BOX,,,C,,1.121e-2,-1.375,0,-2.1,0
R49,,RC1206JR-070RL,RESISTOR,"Res,0 OHM,1/8W, 5%,1206,RoHS",,,,,,,,,,,,,,,DISABLED,,,,,,,,BOTTOM,,,TOP_BOTTOM,0,SQUARE,,,,,,,"RES, FIXED, GENERAL",,,,,,,,,,,,2,,,LEADLESS,,,,,,,,,,,,,,,in,ALUMINA,,,70.0,,,0.0,,N,DISABLED,ENABLED,,0,0,,,3.2,SMT,1206,0.6,CC,mm,1.6,0.64,3.20,mm,1.60,,DEFAULT,,,,,,,,,,90,,,,DEFAULT,CC MODEL,0.0635,,,MM,,0,,,BLACK BOX,,,C,,1.121e-2,-1.125,0,-2.1,0
R50,,RC1206JR-070RL,RESISTOR,"Res,0 OHM,1/8W, 5%,1206,RoHS",,,,,,,,,,,,,,,DISABLED,,,,,,,,BOTTOM,,,TOP_BOTTOM,0,SQUARE,,,,,,,"RES, FIXED, GENERAL",,,,,,,,,,,,2,,,LEADLESS,,,,,,,,,,,,,,,in,ALUMINA,,,70.0,,,0.0,,N,DISABLED,ENABLED,,0,0,,,3.2,SMT,1206,0.6,CC,mm,1.6,0.64,3.20,mm,1.60,,DEFAULT,,,,,,,,,,90,,,,DEFAULT,CC MODEL,0.0635,,,MM,,0,,,BLACK BOX,,,C,,1.121e-2,-0.875,0,-2.1,0
R51,,RC1206JR-070RL,RESISTOR,"Res,0 OHM,1/8W, 5%,1206,RoHS",,,,,,,,,,,,,,,DISABLED,,,,,,,,BOTTOM,,,TOP_BOTTOM,0,SQUARE,,,,,,,"RES, FIXED, GENERAL",,,,,,,,,,,,2,,,LEADLESS,,,,,,,,,,,,,,,in,ALUMINA,,,70.0,,,0.0,,N,DISABLED,ENABLED,,0,0,,,3.2,SMT,1206,0.6,CC,mm,1.6,0.64,3.20,mm,1.60,,DEFAULT,,,,,,,,,,90,,,,DEFAULT,CC MODEL,0.0635,,,MM,,0,,,BLACK BOX,,,C,,1.121e-2,-0.625,0,-2.1,0
R52,,RC1206JR-070RL,RESISTOR,"Res,0 OHM,1/8W, 5%,1206,RoHS",,,,,,,,,,,,,,,DISABLED,,,,,,,,BOTTOM,,,TOP_BOTTOM,0,SQUARE,,,,,,,"RES, FIXED, GENERAL",,,,,,,,,,,,2,,,LEADLESS,,,,,,,,,,,,,,,in,ALUMINA,,,70.0,,,0.0,,N,DISABLED,ENABLED,,0,0,,,3.2,SMT,1206,0.6,CC,mm,1.6,0.64,3.20,mm,1.60,,DEFAULT,,,,,,,,,,90,,,,DEFAULT,CC MODEL,0.0635,,,MM,,0,,,BLACK BOX,,,C,,1.121e-2,-0.375,0,-2.1,0
R53,,RC1206JR-070RL,RESISTOR,"Res,0 OHM,1/8W, 5%,1206,RoHS",,,,,,,,,,,,,,,DISABLED,,,,,,,,BOTTOM,,,TOP_BOTTOM,0,SQUARE,,,,,,,"RES, FIXED, GENERAL",,,,,,,,,,,,2,,,LEADLESS,,,,,,,,,,,,,,,in,ALUMINA,,,70.0,,,0.0,,N,DISABLED,ENABLED,,0,0,,,3.2,SMT,1206,0.6,CC,mm,1.6,0.64,3.20,mm,1.60,,DEFAULT,,,,,,,,,,90,,,,DEFAULT,CC MODEL,0.0635,,,MM,,0,,,BLACK BOX,,,C,,1.121e-2,-0.125,0,-2.1,0
R54,,RC1206JR-070RL,RESISTOR,"Res,0 OHM,1/8W, 5%,1206,RoHS",,,,,,,,,,,,,,,DISABLED,,,,,,,,BOTTOM,,,TOP_BOTTOM,0,SQUARE,,,,,,,"RES, FIXED, GENERAL",,,,,,,,,,,,2,,,LEADLESS,,,,,,,,,,,,,,,in,ALUMINA,,,70.0,,,0.0,,N,DISABLED,ENABLED,,0,0,,,3.2,SMT,1206,0.6,CC,mm,1.6,0.64,3.20,mm,1.60,,DEFAULT,,,,,,,,,,90,,,,DEFAULT,CC MODEL,0.0635,,,MM,,0,,,BLACK BOX,,,C,,1.121e-2,0.125,0,-2.1,0
R55,,RC1206JR-070RL,RESISTOR,"Res,0 OHM,1/8W, 5%,1206,RoHS",,,,,,,,,,,,,,,DISABLED,,,,,,,,BOTTOM,,,TOP_BOTTOM,0,SQUARE,,,,,,,"RES, FIXED, GENERAL",,,,,,,,,,,,2,,,LEADLESS,,,,,,,,,,,,,,,in,ALUMINA,,,70.0,,,0.0,,N,DISABLED,ENABLED,,0,0,,,3.2,SMT,1206,0.6,CC,mm,1.6,0.64,3.20,mm,1.60,,DEFAULT,,,,,,,,,,90,,,,DEFAULT,CC MODEL,0.0635,,,MM,,0,,,BLACK BOX,,,C,,1.121e-2,0.375,0,-2.1,0
R56,,RC1206JR-070RL,RESISTOR,"Res,0 OHM,1/8W, 5%,1206,RoHS",,,,,,,,,,,,,,,DISABLED,,,,,,,,BOTTOM,,,TOP_BOTTOM,0,SQUARE,,,,,,,"RES, FIXED, GENERAL",,,,,,,,,,,,2,,,LEADLESS,,,,,,,,,,,,,,,in,ALUMINA,,,70.0,,,0.0,,N,DISABLED,ENABLED,,0,0,,,3.2,SMT,1206,0.6,CC,mm,1.6,0.64,3.20,mm,1.60,,DEFAULT,,,,,,,,,,90,,,,DEFAULT,CC MODEL,0.0635,,,MM,,0,,,BLACK BOX,,,C,,1.121e-2,0.625,0,-2.1,0
R57,,RC1206JR-070RL,RESISTOR,"Res,0 OHM,1/8W, 5%,1206,RoHS",,,,,,,,,,,,,,,DISABLED,,,,,,,,BOTTOM,,,TOP_BOTTOM,0,SQUARE,,,,,,,"RES, FIXED, GENERAL",,,,,,,,,,,,2,,,LEADLESS,,,,,,,,,,,,,,,in,ALUMINA,,,70.0,,,0.0,,N,DISABLED,ENABLED,,0,0,,,3.2,SMT,1206,0.6,CC,mm,1.6,0.64,3.20,mm,1.60,,DEFAULT,,,,,,,,,,90,,,,DEFAULT,CC MODEL,0.0635,,,MM,,0,,,BLACK BOX,,,C,,1.121e-2,0.875,0,-2.1,0
R58,,RC1206JR-070RL,RESISTOR,"Res,0 OHM,1/8W, 5%,1206,RoHS",,,,,,,,,,,,,,,DISABLED,,,,,,,,BOTTOM,,,TOP_BOTTOM,0,SQUARE,,,,,,,"RES, FIXED, GENERAL",,,,,,,,,,,,2,,,LEADLESS,,,,,,,,,,,,,,,in,ALUMINA,,,70.0,,,0.0,,N,DISABLED,ENABLED,,0,0,,,3.2,SMT,1206,0.6,CC,mm,1.6,0.64,3.20,mm,1.60,,DEFAULT,,,,,,,,,,90,,,,DEFAULT,CC MODEL,0.0635,,,MM,,0,,,BLACK BOX,,,C,,1.121e-2,1.125,0,-2.1,0
R59,,RC1206JR-070RL,RESISTOR,"Res,0 OHM,1/8W, 5%,1206,RoHS",,,,,,,,,,,,,,,DISABLED,,,,,,,,BOTTOM,,,TOP_BOTTOM,0,SQUARE,,,,,,,"RES, FIXED, GENERAL",,,,,,,,,,,,2,,,LEADLESS,,,,,,,,,,,,,,,in,ALUMINA,,,70.0,,,0.0,,N,DISABLED,ENABLED,,0,0,,,3.2,SMT,1206,0.6,CC,mm,1.6,0.64,3.20,mm,1.60,,DEFAULT,,,,,,,,,,90,,,,DEFAULT,CC MODEL,0.0635,,,MM,,0,,,BLACK BOX,,,C,,1.121e-2,1.375,0,-2.1,0
R60,,RC1206JR-070RL,RESISTOR,"Res,0 OHM,1/8W, 5%,1206,RoHS",,,,,,,,,,,,,,,DISABLED,,,,,,,,BOTTOM,,,TOP_BOTTOM,0,SQUARE,,,,,,,"RES, FIXED, GENERAL",,,,,,,,,,,,2,,,LEADLESS,,,,,,,,,,,,,,,in,ALUMINA,,,70.0,,,0.0,,N,DISABLED,ENABLED,,0,0,,,3.2,SMT,1206,0.6,CC,mm,1.6,0.64,3.20,mm,1.60,,DEFAULT,,,,,,,,,,90,,,,DEFAULT,CC MODEL,0.0635,,,MM,,0,,,BLACK BOX,,,C,,1.121e-2,1.625,0,-2.1,0
R61,,RC1206JR-070RL,RESISTOR,"Res,0 OHM,1/8W, 5%,1206,RoHS",,,,,,,,,,,,,,,DISABLED,,,,,,,,BOTTOM,,,TOP_BOTTOM,0,SQUARE,,,,,,,"RES, FIXED, GENERAL",,,,,,,,,,,,2,,,LEADLESS,,,,,,,,,,,,,,,in,ALUMINA,,,70.0,,,0.0,,N,DISABLED,ENABLED,,0,0,,,3.2,SMT,1206,0.6,CC,mm,1.6,0.64,3.20,mm,1.60,,DEFAULT,,,,,,,,,,90,,,,DEFAULT,CC MODEL,0.0635,,,MM,,0,,,BLACK BOX,,,C,,1.121e-2,-1.625,0,-1.95,0
R62,,RC1206JR-070RL,RESISTOR,"Res,0 OHM,1/8W, 5%,1206,RoHS",,,,,,,,,,,,,,,DISABLED,,,,,,,,BOTTOM,,,TOP_BOTTOM,0,SQUARE,,,,,,,"RES, FIXED, GENERAL",,,,,,,,,,,,2,,,LEADLESS,,,,,,,,,,,,,,,in,ALUMINA,,,70.0,,,0.0,,N,DISABLED,ENABLED,,0,0,,,3.2,SMT,1206,0.6,CC,mm,1.6,0.64,3.20,mm,1.60,,DEFAULT,,,,,,,,,,90,,,,DEFAULT,CC MODEL,0.0635,,,MM,,0,,,BLACK BOX,,,C,,1.121e-2,-1.375,0,-1.95,0
R63,,RC1206JR-070RL,RESISTOR,"Res,0 OHM,1/8W, 5%,1206,RoHS",,,,,,,,,,,,,,,DISABLED,,,,,,,,BOTTOM,,,TOP_BOTTOM,0,SQUARE,,,,,,,"RES, FIXED, GENERAL",,,,,,,,,,,,2,,,LEADLESS,,,,,,,,,,,,,,,in,ALUMINA,,,70.0,,,0.0,,N,DISABLED,ENABLED,,0,0,,,3.2,SMT,1206,0.6,CC,mm,1.6,0.64,3.20,mm,1.60,,DEFAULT,,,,,,,,,,90,,,,DEFAULT,CC MODEL,0.0635,,,MM,,0,,,BLACK BOX,,,C,,1.121e-2,-1.125,0,-1.95,0
R64,,RC1206JR-070RL,RESISTOR,"Res,0 OHM,1/8W, 5%,1206,RoHS",,,,,,,,,,,,,,,DISABLED,,,,,,,,BOTTOM,,,TOP_BOTTOM,0,SQUARE,,,,,,,"RES, FIXED, GENERAL",,,,,,,,,,,,2,,,LEADLESS,,,,,,,,,,,,,,,in,ALUMINA,,,70.0,,,0.0,,N,DISABLED,ENABLED,,0,0,,,3.2,SMT,1206,0.6,CC,mm,1.6,0.64,3.20,mm,1.60,,DEFAULT,,,,,,,,,,90,,,,DEFAULT,CC MODEL,0.0635,,,MM,,0,,,BLACK BOX,,,C,,1.121e-2,-0.875,0,-1.95,0
R65,,RC1206JR-070RL,RESISTOR,"Res,0 OHM,1/8W, 5%,1206,RoHS",,,,,,,,,,,,,,,DISABLED,,,,,,,,BOTTOM,,,TOP_BOTTOM,0,SQUARE,,,,,,,"RES, FIXED, GENERAL",,,,,,,,,,,,2,,,LEADLESS,,,,,,,,,,,,,,,in,ALUMINA,,,70.0,,,0.0,,N,DISABLED,ENABLED,,0,0,,,3.2,SMT,1206,0.6,CC,mm,1.6,0.64,3.20,mm,1.60,,DEFAULT,,,,,,,,,,90,,,,DEFAULT,CC MODEL,0.0635,,,MM,,0,,,BLACK BOX,,,C,,1.121e-2,-0.625,0,-1.95,0
R66,,RC1206JR-070RL,RESISTOR,"Res,0 OHM,1/8W, 5%,1206,RoHS",,,,,,,,,,,,,,,DISABLED,,,,,,,,BOTTOM,,,TOP_BOTTOM,0,SQUARE,,,,,,,"RES, FIXED, GENERAL",,,,,,,,,,,,2,,,LEADLESS,,,,,,,,,,,,,,,in,ALUMINA,,,70.0,,,0.0,,N,DISABLED,ENABLED,,0,0,,,3.2,SMT,1206,0.6,CC,mm,1.6,0.64,3.20,mm,1.60,,DEFAULT,,,,,,,,,,90,,,,DEFAULT,CC MODEL,0.0635,,,MM,,0,,,BLACK BOX,,,C,,1.121e-2,-0.375,0,-1.95,0
R67,,RC1206JR-070RL,RESISTOR,"Res,0 OHM,1/8W, 5%,1206,RoHS",,,,,,,,,,,,,,,DISABLED,,,,,,,,BOTTOM,,,TOP_BOTTOM,0,SQUARE,,,,,,,"RES, FIXED, GENERAL",,,,,,,,,,,,2,,,LEADLESS,,,,,,,,,,,,,,,in,ALUMINA,,,70.0,,,0.0,,N,DISABLED,ENABLED,,0,0,,,3.2,SMT,1206,0.6,CC,mm,1.6,0.64,3.20,mm,1.60,,DEFAULT,,,,,,,,,,90,,,,DEFAULT,CC MODEL,0.0635,,,MM,,0,,,BLACK BOX,,,C,,1.121e-2,-0.125,0,-1.95,0
R68,,RC1206JR-070RL,RESISTOR,"Res,0 OHM,1/8W, 5%,1206,RoHS",,,,,,,,,,,,,,,DISABLED,,,,,,,,BOTTOM,,,TOP_BOTTOM,0,SQUARE,,,,,,,"RES, FIXED, GENERAL",,,,,,,,,,,,2,,,LEADLESS,,,,,,,,,,,,,,,in,ALUMINA,,,70.0,,,0.0,,N,DISABLED,ENABLED,,0,0,,,3.2,SMT,1206,0.6,CC,mm,1.6,0.64,3.20,mm,1.60,,DEFAULT,,,,,,,,,,90,,,,DEFAULT,CC MODEL,0.0635,,,MM,,0,,,BLACK BOX,,,C,,1.121e-2,0.125,0,-1.95,0
R69,,RC1206JR-070RL,RESISTOR,"Res,0 OHM,1/8W, 5%,1206,RoHS",,,,,,,,,,,,,,,DISABLED,,,,,,,,BOTTOM,,,TOP_BOTTOM,0,SQUARE,,,,,,,"RES, FIXED, GENERAL",,,,,,,,,,,,2,,,LEADLESS,,,,,,,,,,,,,,,in,ALUMINA,,,70.0,,,0.0,,N,DISABLED,ENABLED,,0,0,,,3.2,SMT,1206,0.6,CC,mm,1.6,0.64,3.20,mm,1.60,,DEFAULT,,,,,,,,,,90,,,,DEFAULT,CC MODEL,0.0635,,,MM,,0,,,BLACK BOX,,,C,,1.121e-2,0.375,0,-1.95,0
R70,,RC1206JR-070RL,RESISTOR,"Res,0 OHM,1/8W, 5%,1206,RoHS",,,,,,,,,,,,,,,DISABLED,,,,,,,,BOTTOM,,,TOP_BOTTOM,0,SQUARE,,,,,,,"RES, FIXED, GENERAL",,,,,,,,,,,,2,,,LEADLESS,,,,,,,,,,,,,,,in,ALUMINA,,,70.0,,,0.0,,N,DISABLED,ENABLED,,0,0,,,3.2,SMT,1206,0.6,CC,mm,1.6,0.64,3.20,mm,1.60,,DEFAULT,,,,,,,,,,90,,,,DEFAULT,CC MODEL,0.0635,,,MM,,0,,,BLACK BOX,,,C,,1.121e-2,0.625,0,-1.95,0
R71,,RC1206JR-070RL,RESISTOR,"Res,0 OHM,1/8W, 5%,1206,RoHS",,,,,,,,,,,,,,,DISABLED,,,,,,,,BOTTOM,,,TOP_BOTTOM,0,SQUARE,,,,,,,"RES, FIXED, GENERAL",,,,,,,,,,,,2,,,LEADLESS,,,,,,,,,,,,,,,in,ALUMINA,,,70.0,,,0.0,,N,DISABLED,ENABLED,,0,0,,,3.2,SMT,1206,0.6,CC,mm,1.6,0.64,3.20,mm,1.60,,DEFAULT,,,,,,,,,,90,,,,DEFAULT,CC MODEL,0.0635,,,MM,,0,,,BLACK BOX,,,C,,1.121e-2,0.875,0,-1.95,0
R72,,RC1206JR-070RL,RESISTOR,"Res,0 OHM,1/8W, 5%,1206,RoHS",,,,,,,,,,,,,,,DISABLED,,,,,,,,BOTTOM,,,TOP_BOTTOM,0,SQUARE,,,,,,,"RES, FIXED, GENERAL",,,,,,,,,,,,2,,,LEADLESS,,,,,,,,,,,,,,,in,ALUMINA,,,70.0,,,0.0,,N,DISABLED,ENABLED,,0,0,,,3.2,SMT,1206,0.6,CC,mm,1.6,0.64,3.20,mm,1.60,,DEFAULT,,,,,,,,,,90,,,,DEFAULT,CC MODEL,0.0635,,,MM,,0,,,BLACK BOX,,,C,,1.121e-2,1.125,0,-1.95,0
R73,,RC1206JR-070RL,RESISTOR,"Res,0 OHM,1/8W, 5%,1206,RoHS",,,,,,,,,,,,,,,DISABLED,,,,,,,,BOTTOM,,,TOP_BOTTOM,0,SQUARE,,,,,,,"RES, FIXED, GENERAL",,,,,,,,,,,,2,,,LEADLESS,,,,,,,,,,,,,,,in,ALUMINA,,,70.0,,,0.0,,N,DISABLED,ENABLED,,0,0,,,3.2,SMT,1206,0.6,CC,mm,1.6,0.64,3.20,mm,1.60,,DEFAULT,,,,,,,,,,90,,,,DEFAULT,CC MODEL,0.0635,,,MM,,0,,,BLACK BOX,,,C,,1.121e-2,1.375,0,-1.95,0
R74,,RC1206JR-070RL,RESISTOR,"Res,0 OHM,1/8W, 5%,1206,RoHS",,,,,,,,,,,,,,,DISABLED,,,,,,,,BOTTOM,,,TOP_BOTTOM,0,SQUARE,,,,,,,"RES, FIXED, GENERAL",,,,,,,,,,,,2,,,LEADLESS,,,,,,,,,,,,,,,in,ALUMINA,,,70.0,,,0.0,,N,DISABLED,ENABLED,,0,0,,,3.2,SMT,1206,0.6,CC,mm,1.6,0.64,3.20,mm,1.60,,DEFAULT,,,,,,,,,,90,,,,DEFAULT,CC MODEL,0.0635,,,MM,,0,,,BLACK BOX,,,C,,1.121e-2,1.625,0,-1.95,0
R75,,RC1206JR-070RL,RESISTOR,"'Res,0 OHM,1/8W, 5%,1206,RoHS",,,,,,,,,,,,,,,DISABLED,,,,,,,,TOP,,,TOP_BOTTOM,0,SQUARE,,,,,,,"RES, FIXED, GENERAL",,,,,,,,,,,,2,,,LEADLESS,,,,,,,,,,,,,,,in,ALUMINA,,,70.0,,,0.0,,N,DISABLED,ENABLED,,0,0,,,3.2,SMT,1206,0.6,CC,mm,1.6,0.64,3.20,mm,1.60,,DEFAULT,,,,,,,,,,0,,,,DEFAULT,CC MODEL,0.0635,,,MM,,0,,,BLACK BOX,,,C,,1.121e-2,3.1,0,1.65,0
R76,,RC1206JR-070RL,RESISTOR,"'Res,0 OHM,1/8W, 5%,1206,RoHS",,,,,,,,,,,,,,,DISABLED,,,,,,,,TOP,,,TOP_BOTTOM,0,SQUARE,,,,,,,"RES, FIXED, GENERAL",,,,,,,,,,,,2,,,LEADLESS,,,,,,,,,,,,,,,in,ALUMINA,,,70.0,,,0.0,,N,DISABLED,ENABLED,,0,0,,,3.2,SMT,1206,0.6,CC,mm,1.6,0.64,3.20,mm,1.60,,DEFAULT,,,,,,,,,,0,,,,DEFAULT,CC MODEL,0.0635,,,MM,,0,,,BLACK BOX,,,C,,1.121e-2,3.1,0,1.4,0
R77,,RC1206JR-070RL,RESISTOR,"'Res,0 OHM,1/8W, 5%,1206,RoHS",,,,,,,,,,,,,,,DISABLED,,,,,,,,TOP,,,TOP_BOTTOM,0,SQUARE,,,,,,,"RES, FIXED, GENERAL",,,,,,,,,,,,2,,,LEADLESS,,,,,,,,,,,,,,,in,ALUMINA,,,70.0,,,0.0,,N,DISABLED,ENABLED,,0,0,,,3.2,SMT,1206,0.6,CC,mm,1.6,0.64,3.20,mm,1.60,,DEFAULT,,,,,,,,,,0,,,,DEFAULT,CC MODEL,0.0635,,,MM,,0,,,BLACK BOX,,,C,,1.121e-2,3.1,0,1.15,0
R78,,RC1206JR-070RL,RESISTOR,"'Res,0 OHM,1/8W, 5%,1206,RoHS",,,,,,,,,,,,,,,DISABLED,,,,,,,,TOP,,,TOP_BOTTOM,0,SQUARE,,,,,,,"RES, FIXED, GENERAL",,,,,,,,,,,,2,,,LEADLESS,,,,,,,,,,,,,,,in,ALUMINA,,,70.0,,,0.0,,N,DISABLED,ENABLED,,0,0,,,3.2,SMT,1206,0.6,CC,mm,1.6,0.64,3.20,mm,1.60,,DEFAULT,,,,,,,,,,0,,,,DEFAULT,CC MODEL,0.0635,,,MM,,0,,,BLACK BOX,,,C,,1.121e-2,3.1,0,0.9,0
R79,,RC1206JR-070RL,RESISTOR,"'Res,0 OHM,1/8W, 5%,1206,RoHS",,,,,,,,,,,,,,,DISABLED,,,,,,,,TOP,,,TOP_BOTTOM,0,SQUARE,,,,,,,"RES, FIXED, GENERAL",,,,,,,,,,,,2,,,LEADLESS,,,,,,,,,,,,,,,in,ALUMINA,,,70.0,,,0.0,,N,DISABLED,ENABLED,,0,0,,,3.2,SMT,1206,0.6,CC,mm,1.6,0.64,3.20,mm,1.60,,DEFAULT,,,,,,,,,,0,,,,DEFAULT,CC MODEL,0.0635,,,MM,,0,,,BLACK BOX,,,C,,1.121e-2,3.1,0,0.65,0
R80,,RC1206JR-070RL,RESISTOR,"'Res,0 OHM,1/8W, 5%,1206,RoHS",,,,,,,,,,,,,,,DISABLED,,,,,,,,TOP,,,TOP_BOTTOM,0,SQUARE,,,,,,,"RES, FIXED, GENERAL",,,,,,,,,,,,2,,,LEADLESS,,,,,,,,,,,,,,,in,ALUMINA,,,70.0,,,0.0,,N,DISABLED,ENABLED,,0,0,,,3.2,SMT,1206,0.6,CC,mm,1.6,0.64,3.20,mm,1.60,,DEFAULT,,,,,,,,,,0,,,,DEFAULT,CC MODEL,0.0635,,,MM,,0,,,BLACK BOX,,,C,,1.121e-2,3.1,0,0.4,0
R81,,RC1206JR-070RL,RESISTOR,"'Res,0 OHM,1/8W, 5%,1206,RoHS",,,,,,,,,,,,,,,DISABLED,,,,,,,,TOP,,,TOP_BOTTOM,0,SQUARE,,,,,,,"RES, FIXED, GENERAL",,,,,,,,,,,,2,,,LEADLESS,,,,,,,,,,,,,,,in,ALUMINA,,,70.0,,,0.0,,N,DISABLED,ENABLED,,0,0,,,3.2,SMT,1206,0.6,CC,mm,1.6,0.64,3.20,mm,1.60,,DEFAULT,,,,,,,,,,0,,,,DEFAULT,CC MODEL,0.0635,,,MM,,0,,,BLACK BOX,,,C,,1.121e-2,3.1,0,0.15,0
R82,,RC1206JR-070RL,RESISTOR,"'Res,0 OHM,1/8W, 5%,1206,RoHS",,,,,,,,,,,,,,,DISABLED,,,,,,,,TOP,,,TOP_BOTTOM,0,SQUARE,,,,,,,"RES, FIXED, GENERAL",,,,,,,,,,,,2,,,LEADLESS,,,,,,,,,,,,,,,in,ALUMINA,,,70.0,,,0.0,,N,DISABLED,ENABLED,,0,0,,,3.2,SMT,1206,0.6,CC,mm,1.6,0.64,3.20,mm,1.60,,DEFAULT,,,,,,,,,,0,,,,DEFAULT,CC MODEL,0.0635,,,MM,,0,,,BLACK BOX,,,C,,1.121e-2,3.1,0,-0.1,0
R83,,RC1206JR-070RL,RESISTOR,"'Res,0 OHM,1/8W, 5%,1206,RoHS",,,,,,,,,,,,,,,DISABLED,,,,,,,,TOP,,,TOP_BOTTOM,0,SQUARE,,,,,,,"RES, FIXED, GENERAL",,,,,,,,,,,,2,,,LEADLESS,,,,,,,,,,,,,,,in,ALUMINA,,,70.0,,,0.0,,N,DISABLED,ENABLED,,0,0,,,3.2,SMT,1206,0.6,CC,mm,1.6,0.64,3.20,mm,1.60,,DEFAULT,,,,,,,,,,0,,,,DEFAULT,CC MODEL,0.0635,,,MM,,0,,,BLACK BOX,,,C,,1.121e-2,3.1,0,-0.35,0
R84,,RC1206JR-070RL,RESISTOR,"'Res,0 OHM,1/8W, 5%,1206,RoHS",,,,,,,,,,,,,,,DISABLED,,,,,,,,TOP,,,TOP_BOTTOM,0,SQUARE,,,,,,,"RES, FIXED, GENERAL",,,,,,,,,,,,2,,,LEADLESS,,,,,,,,,,,,,,,in,ALUMINA,,,70.0,,,0.0,,N,DISABLED,ENABLED,,0,0,,,3.2,SMT,1206,0.6,CC,mm,1.6,0.64,3.20,mm,1.60,,DEFAULT,,,,,,,,,,0,,,,DEFAULT,CC MODEL,0.0635,,,MM,,0,,,BLACK BOX,,,C,,1.121e-2,3.1,0,-0.6,0
R85,,RC1206JR-070RL,RESISTOR,"'Res,0 OHM,1/8W, 5%,1206,RoHS",,,,,,,,,,,,,,,DISABLED,,,,,,,,TOP,,,TOP_BOTTOM,0,SQUARE,,,,,,,"RES, FIXED, GENERAL",,,,,,,,,,,,2,,,LEADLESS,,,,,,,,,,,,,,,in,ALUMINA,,,70.0,,,0.0,,N,DISABLED,ENABLED,,0,0,,,3.2,SMT,1206,0.6,CC,mm,1.6,0.64,3.20,mm,1.60,,DEFAULT,,,,,,,,,,0,,,,DEFAULT,CC MODEL,0.0635,,,MM,,0,,,BLACK BOX,,,C,,1.121e-2,3.1,0,-0.85,0
R86,,RC1206JR-070RL,RESISTOR,"'Res,0 OHM,1/8W, 5%,1206,RoHS",,,,,,,,,,,,,,,DISABLED,,,,,,,,TOP,,,TOP_BOTTOM,0,SQUARE,,,,,,,"RES, FIXED, GENERAL",,,,,,,,,,,,2,,,LEADLESS,,,,,,,,,,,,,,,in,ALUMINA,,,70.0,,,0.0,,N,DISABLED,ENABLED,,0,0,,,3.2,SMT,1206,0.6,CC,mm,1.6,0.64,3.20,mm,1.60,,DEFAULT,,,,,,,,,,0,,,,DEFAULT,CC MODEL,0.0635,,,MM,,0,,,BLACK BOX,,,C,,1.121e-2,3.1,0,-1.1,0
R87,,RC1206JR-070RL,RESISTOR,"'Res,0 OHM,1/8W, 5%,1206,RoHS",,,,,,,,,,,,,,,DISABLED,,,,,,,,TOP,,,TOP_BOTTOM,0,SQUARE,,,,,,,"RES, FIXED, GENERAL",,,,,,,,,,,,2,,,LEADLESS,,,,,,,,,,,,,,,in,ALUMINA,,,70.0,,,0.0,,N,DISABLED,ENABLED,,0,0,,,3.2,SMT,1206,0.6,CC,mm,1.6,0.64,3.20,mm,1.60,,DEFAULT,,,,,,,,,,0,,,,DEFAULT,CC MODEL,0.0635,,,MM,,0,,,BLACK BOX,,,C,,1.121e-2,3.1,0,-1.35,0
R88,,RC1206JR-070RL,RESISTOR,"'Res,0 OHM,1/8W, 5%,1206,RoHS",,,,,,,,,,,,,,,DISABLED,,,,,,,,TOP,,,TOP_BOTTOM,0,SQUARE,,,,,,,"RES, FIXED, GENERAL",,,,,,,,,,,,2,,,LEADLESS,,,,,,,,,,,,,,,in,ALUMINA,,,70.0,,,0.0,,N,DISABLED,ENABLED,,0,0,,,3.2,SMT,1206,0.6,CC,mm,1.6,0.64,3.20,mm,1.60,,DEFAULT,,,,,,,,,,0,,,,DEFAULT,CC MODEL,0.0635,,,MM,,0,,,BLACK BOX,,,C,,1.121e-2,3.1,0,-1.6,0
R89,,RC1206JR-070RL,RESISTOR,"'Res,0 OHM,1/8W, 5%,1206,RoHS",,,,,,,,,,,,,,,DISABLED,,,,,,,,TOP,,,TOP_BOTTOM,0,SQUARE,,,,,,,"RES, FIXED, GENERAL",,,,,,,,,,,,2,,,LEADLESS,,,,,,,,,,,,,,,in,ALUMINA,,,70.0,,,0.0,,N,DISABLED,ENABLED,,0,0,,,3.2,SMT,1206,0.6,CC,mm,1.6,0.64,3.20,mm,1.60,,DEFAULT,,,,,,,,,,0,,,,DEFAULT,CC MODEL,0.0635,,,MM,,0,,,BLACK BOX,,,C,,1.121e-2,3.25,0,1.65,0
R90,,RC1206JR-070RL,RESISTOR,"'Res,0 OHM,1/8W, 5%,1206,RoHS",,,,,,,,,,,,,,,DISABLED,,,,,,,,TOP,,,TOP_BOTTOM,0,SQUARE,,,,,,,"RES, FIXED, GENERAL",,,,,,,,,,,,2,,,LEADLESS,,,,,,,,,,,,,,,in,ALUMINA,,,70.0,,,0.0,,N,DISABLED,ENABLED,,0,0,,,3.2,SMT,1206,0.6,CC,mm,1.6,0.64,3.20,mm,1.60,,DEFAULT,,,,,,,,,,0,,,,DEFAULT,CC MODEL,0.0635,,,MM,,0,,,BLACK BOX,,,C,,1.121e-2,3.25,0,1.4,0
R91,,RC1206JR-070RL,RESISTOR,"'Res,0 OHM,1/8W, 5%,1206,RoHS",,,,,,,,,,,,,,,DISABLED,,,,,,,,TOP,,,TOP_BOTTOM,0,SQUARE,,,,,,,"RES, FIXED, GENERAL",,,,,,,,,,,,2,,,LEADLESS,,,,,,,,,,,,,,,in,ALUMINA,,,70.0,,,0.0,,N,DISABLED,ENABLED,,0,0,,,3.2,SMT,1206,0.6,CC,mm,1.6,0.64,3.20,mm,1.60,,DEFAULT,,,,,,,,,,0,,,,DEFAULT,CC MODEL,0.0635,,,MM,,0,,,BLACK BOX,,,C,,1.121e-2,3.25,0,1.15,0
R92,,RC1206JR-070RL,RESISTOR,"'Res,0 OHM,1/8W, 5%,1206,RoHS",,,,,,,,,,,,,,,DISABLED,,,,,,,,TOP,,,TOP_BOTTOM,0,SQUARE,,,,,,,"RES, FIXED, GENERAL",,,,,,,,,,,,2,,,LEADLESS,,,,,,,,,,,,,,,in,ALUMINA,,,70.0,,,0.0,,N,DISABLED,ENABLED,,0,0,,,3.2,SMT,1206,0.6,CC,mm,1.6,0.64,3.20,mm,1.60,,DEFAULT,,,,,,,,,,0,,,,DEFAULT,CC MODEL,0.0635,,,MM,,0,,,BLACK BOX,,,C,,1.121e-2,3.25,0,0.9,0
R93,,RC1206JR-070RL,RESISTOR,"'Res,0 OHM,1/8W, 5%,1206,RoHS",,,,,,,,,,,,,,,DISABLED,,,,,,,,TOP,,,TOP_BOTTOM,0,SQUARE,,,,,,,"RES, FIXED, GENERAL",,,,,,,,,,,,2,,,LEADLESS,,,,,,,,,,,,,,,in,ALUMINA,,,70.0,,,0.0,,N,DISABLED,ENABLED,,0,0,,,3.2,SMT,1206,0.6,CC,mm,1.6,0.64,3.20,mm,1.60,,DEFAULT,,,,,,,,,,0,,,,DEFAULT,CC MODEL,0.0635,,,MM,,0,,,BLACK BOX,,,C,,1.121e-2,3.25,0,0.65,0
R94,,RC1206JR-070RL,RESISTOR,"'Res,0 OHM,1/8W, 5%,1206,RoHS",,,,,,,,,,,,,,,DISABLED,,,,,,,,TOP,,,TOP_BOTTOM,0,SQUARE,,,,,,,"RES, FIXED, GENERAL",,,,,,,,,,,,2,,,LEADLESS,,,,,,,,,,,,,,,in,ALUMINA,,,70.0,,,0.0,,N,DISABLED,ENABLED,,0,0,,,3.2,SMT,1206,0.6,CC,mm,1.6,0.64,3.20,mm,1.60,,DEFAULT,,,,,,,,,,0,,,,DEFAULT,CC MODEL,0.0635,,,MM,,0,,,BLACK BOX,,,C,,1.121e-2,3.25,0,0.4,0
R95,,RC1206JR-070RL,RESISTOR,"'Res,0 OHM,1/8W, 5%,1206,RoHS",,,,,,,,,,,,,,,DISABLED,,,,,,,,TOP,,,TOP_BOTTOM,0,SQUARE,,,,,,,"RES, FIXED, GENERAL",,,,,,,,,,,,2,,,LEADLESS,,,,,,,,,,,,,,,in,ALUMINA,,,70.0,,,0.0,,N,DISABLED,ENABLED,,0,0,,,3.2,SMT,1206,0.6,CC,mm,1.6,0.64,3.20,mm,1.60,,DEFAULT,,,,,,,,,,0,,,,DEFAULT,CC MODEL,0.0635,,,MM,,0,,,BLACK BOX,,,C,,1.121e-2,3.25,0,0.15,0
R96,,RC1206JR-070RL,RESISTOR,"'Res,0 OHM,1/8W, 5%,1206,RoHS",,,,,,,,,,,,,,,DISABLED,,,,,,,,TOP,,,TOP_BOTTOM,0,SQUARE,,,,,,,"RES, FIXED, GENERAL",,,,,,,,,,,,2,,,LEADLESS,,,,,,,,,,,,,,,in,ALUMINA,,,70.0,,,0.0,,N,DISABLED,ENABLED,,0,0,,,3.2,SMT,1206,0.6,CC,mm,1.6,0.64,3.20,mm,1.60,,DEFAULT,,,,,,,,,,0,,,,DEFAULT,CC MODEL,0.0635,,,MM,,0,,,BLACK BOX,,,C,,1.121e-2,3.25,0,-0.1,0
R97,,RC1206JR-070RL,RESISTOR,"'Res,0 OHM,1/8W, 5%,1206,RoHS",,,,,,,,,,,,,,,DISABLED,,,,,,,,TOP,,,TOP_BOTTOM,0,SQUARE,,,,,,,"RES, FIXED, GENERAL",,,,,,,,,,,,2,,,LEADLESS,,,,,,,,,,,,,,,in,ALUMINA,,,70.0,,,0.0,,N,DISABLED,ENABLED,,0,0,,,3.2,SMT,1206,0.6,CC,mm,1.6,0.64,3.20,mm,1.60,,DEFAULT,,,,,,,,,,0,,,,DEFAULT,CC MODEL,0.0635,,,MM,,0,,,BLACK BOX,,,C,,1.121e-2,3.25,0,-0.35,0
R98,,RC1206JR-070RL,RESISTOR,"'Res,0 OHM,1/8W, 5%,1206,RoHS",,,,,,,,,,,,,,,DISABLED,,,,,,,,TOP,,,TOP_BOTTOM,0,SQUARE,,,,,,,"RES, FIXED, GENERAL",,,,,,,,,,,,2,,,LEADLESS,,,,,,,,,,,,,,,in,ALUMINA,,,70.0,,,0.0,,N,DISABLED,ENABLED,,0,0,,,3.2,SMT,1206,0.6,CC,mm,1.6,0.64,3.20,mm,1.60,,DEFAULT,,,,,,,,,,0,,,,DEFAULT,CC MODEL,0.0635,,,MM,,0,,,BLACK BOX,,,C,,1.121e-2,3.25,0,-0.6,0
R99,,RC1206JR-070RL,RESISTOR,"'Res,0 OHM,1/8W, 5%,1206,RoHS",,,,,,,,,,,,,,,DISABLED,,,,,,,,TOP,,,TOP_BOTTOM,0,SQUARE,,,,,,,"RES, FIXED, GENERAL",,,,,,,,,,,,2,,,LEADLESS,,,,,,,,,,,,,,,in,ALUMINA,,,70.0,,,0.0,,N,DISABLED,ENABLED,,0,0,,,3.2,SMT,1206,0.6,CC,mm,1.6,0.64,3.20,mm,1.60,,DEFAULT,,,,,,,,,,0,,,,DEFAULT,CC MODEL,0.0635,,,MM,,0,,,BLACK BOX,,,C,,1.121e-2,3.25,0,-0.85,0
R100,,RC1206JR-070RL,RESISTOR,"'Res,0 OHM,1/8W, 5%,1206,RoHS",,,,,,,,,,,,,,,DISABLED,,,,,,,,TOP,,,TOP_BOTTOM,0,SQUARE,,,,,,,"RES, FIXED, GENERAL",,,,,,,,,,,,2,,,LEADLESS,,,,,,,,,,,,,,,in,ALUMINA,,,70.0,,,0.0,,N,DISABLED,ENABLED,,0,0,,,3.2,SMT,1206,0.6,CC,mm,1.6,0.64,3.20,mm,1.60,,DEFAULT,,,,,,,,,,0,,,,DEFAULT,CC MODEL,0.0635,,,MM,,0,,,BLACK BOX,,,C,,1.121e-2,3.25,0,-1.1,0
R101,,RC1206JR-070RL,RESISTOR,"'Res,0 OHM,1/8W, 5%,1206,RoHS",,,,,,,,,,,,,,,DISABLED,,,,,,,,TOP,,,TOP_BOTTOM,0,SQUARE,,,,,,,"RES, FIXED, GENERAL",,,,,,,,,,,,2,,,LEADLESS,,,,,,,,,,,,,,,in,ALUMINA,,,70.0,,,0.0,,N,DISABLED,ENABLED,,0,0,,,3.2,SMT,1206,0.6,CC,mm,1.6,0.64,3.20,mm,1.60,,DEFAULT,,,,,,,,,,0,,,,DEFAULT,CC MODEL,0.0635,,,MM,,0,,,BLACK BOX,,,C,,1.121e-2,3.25,0,-1.35,0
R102,,RC1206JR-070RL,RESISTOR,"'Res,0 OHM,1/8W, 5%,1206,RoHS",,,,,,,,,,,,,,,DISABLED,,,,,,,,TOP,,,TOP_BOTTOM,0,SQUARE,,,,,,,"RES, FIXED, GENERAL",,,,,,,,,,,,2,,,LEADLESS,,,,,,,,,,,,,,,in,ALUMINA,,,70.0,,,0.0,,N,DISABLED,ENABLED,,0,0,,,3.2,SMT,1206,0.6,CC,mm,1.6,0.64,3.20,mm,1.60,,DEFAULT,,,,,,,,,,0,,,,DEFAULT,CC MODEL,0.0635,,,MM,,0,,,BLACK BOX,,,C,,1.121e-2,3.25,0,-1.6,0
R103,,RC1206JR-070RL,RESISTOR,"'Res,0 OHM,1/8W, 5%,1206,RoHS",,,,,,,,,,,,,,,DISABLED,,,,,,,,TOP,,,TOP_BOTTOM,0,SQUARE,,,,,,,"RES, FIXED, GENERAL",,,,,,,,,,,,2,,,LEADLESS,,,,,,,,,,,,,,,in,ALUMINA,,,70.0,,,0.0,,N,DISABLED,ENABLED,,0,0,,,3.2,SMT,1206,0.6,CC,mm,1.6,0.64,3.20,mm,1.60,,DEFAULT,,,,,,,,,,0,,,,DEFAULT,CC MODEL,0.0635,,,MM,,0,,,BLACK BOX,,,C,,1.121e-2,3.4,0,1.65,0
R104,,RC1206JR-070RL,RESISTOR,"'Res,0 OHM,1/8W, 5%,1206,RoHS",,,,,,,,,,,,,,,DISABLED,,,,,,,,TOP,,,TOP_BOTTOM,0,SQUARE,,,,,,,"RES, FIXED, GENERAL",,,,,,,,,,,,2,,,LEADLESS,,,,,,,,,,,,,,,in,ALUMINA,,,70.0,,,0.0,,N,DISABLED,ENABLED,,0,0,,,3.2,SMT,1206,0.6,CC,mm,1.6,0.64,3.20,mm,1.60,,DEFAULT,,,,,,,,,,0,,,,DEFAULT,CC MODEL,0.0635,,,MM,,0,,,BLACK BOX,,,C,,1.121e-2,3.4,0,1.4,0
R105,,RC1206JR-070RL,RESISTOR,"'Res,0 OHM,1/8W, 5%,1206,RoHS",,,,,,,,,,,,,,,DISABLED,,,,,,,,TOP,,,TOP_BOTTOM,0,SQUARE,,,,,,,"RES, FIXED, GENERAL",,,,,,,,,,,,2,,,LEADLESS,,,,,,,,,,,,,,,in,ALUMINA,,,70.0,,,0.0,,N,DISABLED,ENABLED,,0,0,,,3.2,SMT,1206,0.6,CC,mm,1.6,0.64,3.20,mm,1.60,,DEFAULT,,,,,,,,,,0,,,,DEFAULT,CC MODEL,0.0635,,,MM,,0,,,BLACK BOX,,,C,,1.121e-2,3.4,0,1.15,0
R106,,RC1206JR-070RL,RESISTOR,"'Res,0 OHM,1/8W, 5%,1206,RoHS",,,,,,,,,,,,,,,DISABLED,,,,,,,,TOP,,,TOP_BOTTOM,0,SQUARE,,,,,,,"RES, FIXED, GENERAL",,,,,,,,,,,,2,,,LEADLESS,,,,,,,,,,,,,,,in,ALUMINA,,,70.0,,,0.0,,N,DISABLED,ENABLED,,0,0,,,3.2,SMT,1206,0.6,CC,mm,1.6,0.64,3.20,mm,1.60,,DEFAULT,,,,,,,,,,0,,,,DEFAULT,CC MODEL,0.0635,,,MM,,0,,,BLACK BOX,,,C,,1.121e-2,3.4,0,0.9,0
R107,,RC1206JR-070RL,RESISTOR,"'Res,0 OHM,1/8W, 5%,1206,RoHS",,,,,,,,,,,,,,,DISABLED,,,,,,,,TOP,,,TOP_BOTTOM,0,SQUARE,,,,,,,"RES, FIXED, GENERAL",,,,,,,,,,,,2,,,LEADLESS,,,,,,,,,,,,,,,in,ALUMINA,,,70.0,,,0.0,,N,DISABLED,ENABLED,,0,0,,,3.2,SMT,1206,0.6,CC,mm,1.6,0.64,3.20,mm,1.60,,DEFAULT,,,,,,,,,,0,,,,DEFAULT,CC MODEL,0.0635,,,MM,,0,,,BLACK BOX,,,C,,1.121e-2,3.4,0,0.65,0
R108,,RC1206JR-070RL,RESISTOR,"'Res,0 OHM,1/8W, 5%,1206,RoHS",,,,,,,,,,,,,,,DISABLED,,,,,,,,TOP,,,TOP_BOTTOM,0,SQUARE,,,,,,,"RES, FIXED, GENERAL",,,,,,,,,,,,2,,,LEADLESS,,,,,,,,,,,,,,,in,ALUMINA,,,70.0,,,0.0,,N,DISABLED,ENABLED,,0,0,,,3.2,SMT,1206,0.6,CC,mm,1.6,0.64,3.20,mm,1.60,,DEFAULT,,,,,,,,,,0,,,,DEFAULT,CC MODEL,0.0635,,,MM,,0,,,BLACK BOX,,,C,,1.121e-2,3.4,0,0.4,0
R109,,RC1206JR-070RL,RESISTOR,"'Res,0 OHM,1/8W, 5%,1206,RoHS",,,,,,,,,,,,,,,DISABLED,,,,,,,,TOP,,,TOP_BOTTOM,0,SQUARE,,,,,,,"RES, FIXED, GENERAL",,,,,,,,,,,,2,,,LEADLESS,,,,,,,,,,,,,,,in,ALUMINA,,,70.0,,,0.0,,N,DISABLED,ENABLED,,0,0,,,3.2,SMT,1206,0.6,CC,mm,1.6,0.64,3.20,mm,1.60,,DEFAULT,,,,,,,,,,0,,,,DEFAULT,CC MODEL,0.0635,,,MM,,0,,,BLACK BOX,,,C,,1.121e-2,3.4,0,0.15,0
R110,,RC1206JR-070RL,RESISTOR,"'Res,0 OHM,1/8W, 5%,1206,RoHS",,,,,,,,,,,,,,,DISABLED,,,,,,,,TOP,,,TOP_BOTTOM,0,SQUARE,,,,,,,"RES, FIXED, GENERAL",,,,,,,,,,,,2,,,LEADLESS,,,,,,,,,,,,,,,in,ALUMINA,,,70.0,,,0.0,,N,DISABLED,ENABLED,,0,0,,,3.2,SMT,1206,0.6,CC,mm,1.6,0.64,3.20,mm,1.60,,DEFAULT,,,,,,,,,,0,,,,DEFAULT,CC MODEL,0.0635,,,MM,,0,,,BLACK BOX,,,C,,1.121e-2,3.4,0,-0.1,0
R111,,RC1206JR-070RL,RESISTOR,"'Res,0 OHM,1/8W, 5%,1206,RoHS",,,,,,,,,,,,,,,DISABLED,,,,,,,,TOP,,,TOP_BOTTOM,0,SQUARE,,,,,,,"RES, FIXED, GENERAL",,,,,,,,,,,,2,,,LEADLESS,,,,,,,,,,,,,,,in,ALUMINA,,,70.0,,,0.0,,N,DISABLED,ENABLED,,0,0,,,3.2,SMT,1206,0.6,CC,mm,1.6,0.64,3.20,mm,1.60,,DEFAULT,,,,,,,,,,0,,,,DEFAULT,CC MODEL,0.0635,,,MM,,0,,,BLACK BOX,,,C,,1.121e-2,3.4,0,-0.35,0
R112,,RC1206JR-070RL,RESISTOR,"'Res,0 OHM,1/8W, 5%,1206,RoHS",,,,,,,,,,,,,,,DISABLED,,,,,,,,TOP,,,TOP_BOTTOM,0,SQUARE,,,,,,,"RES, FIXED, GENERAL",,,,,,,,,,,,2,,,LEADLESS,,,,,,,,,,,,,,,in,ALUMINA,,,70.0,,,0.0,,N,DISABLED,ENABLED,,0,0,,,3.2,SMT,1206,0.6,CC,mm,1.6,0.64,3.20,mm,1.60,,DEFAULT,,,,,,,,,,0,,,,DEFAULT,CC MODEL,0.0635,,,MM,,0,,,BLACK BOX,,,C,,1.121e-2,3.4,0,-0.6,0
R113,,RC1206JR-070RL,RESISTOR,"'Res,0 OHM,1/8W, 5%,1206,RoHS",,,,,,,,,,,,,,,DISABLED,,,,,,,,TOP,,,TOP_BOTTOM,0,SQUARE,,,,,,,"RES, FIXED, GENERAL",,,,,,,,,,,,2,,,LEADLESS,,,,,,,,,,,,,,,in,ALUMINA,,,70.0,,,0.0,,N,DISABLED,ENABLED,,0,0,,,3.2,SMT,1206,0.6,CC,mm,1.6,0.64,3.20,mm,1.60,,DEFAULT,,,,,,,,,,0,,,,DEFAULT,CC MODEL,0.0635,,,MM,,0,,,BLACK BOX,,,C,,1.121e-2,3.4,0,-0.85,0
R114,,RC1206JR-070RL,RESISTOR,"'Res,0 OHM,1/8W, 5%,1206,RoHS",,,,,,,,,,,,,,,DISABLED,,,,,,,,TOP,,,TOP_BOTTOM,0,SQUARE,,,,,,,"RES, FIXED, GENERAL",,,,,,,,,,,,2,,,LEADLESS,,,,,,,,,,,,,,,in,ALUMINA,,,70.0,,,0.0,,N,DISABLED,ENABLED,,0,0,,,3.2,SMT,1206,0.6,CC,mm,1.6,0.64,3.20,mm,1.60,,DEFAULT,,,,,,,,,,0,,,,DEFAULT,CC MODEL,0.0635,,,MM,,0,,,BLACK BOX,,,C,,1.121e-2,3.4,0,-1.1,0
R115,,RC1206JR-070RL,RESISTOR,"'Res,0 OHM,1/8W, 5%,1206,RoHS",,,,,,,,,,,,,,,DISABLED,,,,,,,,TOP,,,TOP_BOTTOM,0,SQUARE,,,,,,,"RES, FIXED, GENERAL",,,,,,,,,,,,2,,,LEADLESS,,,,,,,,,,,,,,,in,ALUMINA,,,70.0,,,0.0,,N,DISABLED,ENABLED,,0,0,,,3.2,SMT,1206,0.6,CC,mm,1.6,0.64,3.20,mm,1.60,,DEFAULT,,,,,,,,,,0,,,,DEFAULT,CC MODEL,0.0635,,,MM,,0,,,BLACK BOX,,,C,,1.121e-2,3.4,0,-1.35,0
R116,,RC1206JR-070RL,RESISTOR,"'Res,0 OHM,1/8W, 5%,1206,RoHS",,,,,,,,,,,,,,,DISABLED,,,,,,,,TOP,,,TOP_BOTTOM,0,SQUARE,,,,,,,"RES, FIXED, GENERAL",,,,,,,,,,,,2,,,LEADLESS,,,,,,,,,,,,,,,in,ALUMINA,,,70.0,,,0.0,,N,DISABLED,ENABLED,,0,0,,,3.2,SMT,1206,0.6,CC,mm,1.6,0.64,3.20,mm,1.60,,DEFAULT,,,,,,,,,,0,,,,DEFAULT,CC MODEL,0.0635,,,MM,,0,,,BLACK BOX,,,C,,1.121e-2,3.4,0,-1.6,0
R117,,RC1206JR-070RL,RESISTOR,"'Res,0 OHM,1/8W, 5%,1206,RoHS",,,,,,,,,,,,,,,DISABLED,,,,,,,,TOP,,,TOP_BOTTOM,0,SQUARE,,,,,,,"RES, FIXED, GENERAL",,,,,,,,,,,,2,,,LEADLESS,,,,,,,,,,,,,,,in,ALUMINA,,,70.0,,,0.0,,N,DISABLED,ENABLED,,0,0,,,3.2,SMT,1206,0.6,CC,mm,1.6,0.64,3.20,mm,1.60,,DEFAULT,,,,,,,,,,0,,,,DEFAULT,CC MODEL,0.0635,,,MM,,0,,,BLACK BOX,,,C,,1.121e-2,3.55,0,1.65,0
R118,,RC1206JR-070RL,RESISTOR,"'Res,0 OHM,1/8W, 5%,1206,RoHS",,,,,,,,,,,,,,,DISABLED,,,,,,,,TOP,,,TOP_BOTTOM,0,SQUARE,,,,,,,"RES, FIXED, GENERAL",,,,,,,,,,,,2,,,LEADLESS,,,,,,,,,,,,,,,in,ALUMINA,,,70.0,,,0.0,,N,DISABLED,ENABLED,,0,0,,,3.2,SMT,1206,0.6,CC,mm,1.6,0.64,3.20,mm,1.60,,DEFAULT,,,,,,,,,,0,,,,DEFAULT,CC MODEL,0.0635,,,MM,,0,,,BLACK BOX,,,C,,1.121e-2,3.55,0,1.4,0
R119,,RC1206JR-070RL,RESISTOR,"'Res,0 OHM,1/8W, 5%,1206,RoHS",,,,,,,,,,,,,,,DISABLED,,,,,,,,TOP,,,TOP_BOTTOM,0,SQUARE,,,,,,,"RES, FIXED, GENERAL",,,,,,,,,,,,2,,,LEADLESS,,,,,,,,,,,,,,,in,ALUMINA,,,70.0,,,0.0,,N,DISABLED,ENABLED,,0,0,,,3.2,SMT,1206,0.6,CC,mm,1.6,0.64,3.20,mm,1.60,,DEFAULT,,,,,,,,,,0,,,,DEFAULT,CC MODEL,0.0635,,,MM,,0,,,BLACK BOX,,,C,,1.121e-2,3.55,0,1.15,0
R120,,RC1206JR-070RL,RESISTOR,"'Res,0 OHM,1/8W, 5%,1206,RoHS",,,,,,,,,,,,,,,DISABLED,,,,,,,,TOP,,,TOP_BOTTOM,0,SQUARE,,,,,,,"RES, FIXED, GENERAL",,,,,,,,,,,,2,,,LEADLESS,,,,,,,,,,,,,,,in,ALUMINA,,,70.0,,,0.0,,N,DISABLED,ENABLED,,0,0,,,3.2,SMT,1206,0.6,CC,mm,1.6,0.64,3.20,mm,1.60,,DEFAULT,,,,,,,,,,0,,,,DEFAULT,CC MODEL,0.0635,,,MM,,0,,,BLACK BOX,,,C,,1.121e-2,3.55,0,0.9,0
R121,,RC1206JR-070RL,RESISTOR,"'Res,0 OHM,1/8W, 5%,1206,RoHS",,,,,,,,,,,,,,,DISABLED,,,,,,,,TOP,,,TOP_BOTTOM,0,SQUARE,,,,,,,"RES, FIXED, GENERAL",,,,,,,,,,,,2,,,LEADLESS,,,,,,,,,,,,,,,in,ALUMINA,,,70.0,,,0.0,,N,DISABLED,ENABLED,,0,0,,,3.2,SMT,1206,0.6,CC,mm,1.6,0.64,3.20,mm,1.60,,DEFAULT,,,,,,,,,,0,,,,DEFAULT,CC MODEL,0.0635,,,MM,,0,,,BLACK BOX,,,C,,1.121e-2,3.55,0,0.65,0
R122,,RC1206JR-070RL,RESISTOR,"'Res,0 OHM,1/8W, 5%,1206,RoHS",,,,,,,,,,,,,,,DISABLED,,,,,,,,TOP,,,TOP_BOTTOM,0,SQUARE,,,,,,,"RES, FIXED, GENERAL",,,,,,,,,,,,2,,,LEADLESS,,,,,,,,,,,,,,,in,ALUMINA,,,70.0,,,0.0,,N,DISABLED,ENABLED,,0,0,,,3.2,SMT,1206,0.6,CC,mm,1.6,0.64,3.20,mm,1.60,,DEFAULT,,,,,,,,,,0,,,,DEFAULT,CC MODEL,0.0635,,,MM,,0,,,BLACK BOX,,,C,,1.121e-2,3.55,0,0.4,0
R123,,RC1206JR-070RL,RESISTOR,"'Res,0 OHM,1/8W, 5%,1206,RoHS",,,,,,,,,,,,,,,DISABLED,,,,,,,,TOP,,,TOP_BOTTOM,0,SQUARE,,,,,,,"RES, FIXED, GENERAL",,,,,,,,,,,,2,,,LEADLESS,,,,,,,,,,,,,,,in,ALUMINA,,,70.0,,,0.0,,N,DISABLED,ENABLED,,0,0,,,3.2,SMT,1206,0.6,CC,mm,1.6,0.64,3.20,mm,1.60,,DEFAULT,,,,,,,,,,0,,,,DEFAULT,CC MODEL,0.0635,,,MM,,0,,,BLACK BOX,,,C,,1.121e-2,3.55,0,0.15,0
R124,,RC1206JR-070RL,RESISTOR,"'Res,0 OHM,1/8W, 5%,1206,RoHS",,,,,,,,,,,,,,,DISABLED,,,,,,,,TOP,,,TOP_BOTTOM,0,SQUARE,,,,,,,"RES, FIXED, GENERAL",,,,,,,,,,,,2,,,LEADLESS,,,,,,,,,,,,,,,in,ALUMINA,,,70.0,,,0.0,,N,DISABLED,ENABLED,,0,0,,,3.2,SMT,1206,0.6,CC,mm,1.6,0.64,3.20,mm,1.60,,DEFAULT,,,,,,,,,,0,,,,DEFAULT,CC MODEL,0.0635,,,MM,,0,,,BLACK BOX,,,C,,1.121e-2,3.55,0,-0.1,0
R125,,RC1206JR-070RL,RESISTOR,"'Res,0 OHM,1/8W, 5%,1206,RoHS",,,,,,,,,,,,,,,DISABLED,,,,,,,,TOP,,,TOP_BOTTOM,0,SQUARE,,,,,,,"RES, FIXED, GENERAL",,,,,,,,,,,,2,,,LEADLESS,,,,,,,,,,,,,,,in,ALUMINA,,,70.0,,,0.0,,N,DISABLED,ENABLED,,0,0,,,3.2,SMT,1206,0.6,CC,mm,1.6,0.64,3.20,mm,1.60,,DEFAULT,,,,,,,,,,0,,,,DEFAULT,CC MODEL,0.0635,,,MM,,0,,,BLACK BOX,,,C,,1.121e-2,3.55,0,-0.35,0
R126,,RC1206JR-070RL,RESISTOR,"Res,0 OHM,1/8W, 5%,1206,RoHS",,,,,,,,,,,,,,,DISABLED,,,,,,,,TOP,,,TOP_BOTTOM,0,SQUARE,,,,,,,"RES, FIXED, GENERAL",,,,,,,,,,,,2,,,LEADLESS,,,,,,,,,,,,,,,in,ALUMINA,,,70.0,,,0.0,,N,DISABLED,ENABLED,,0,0,,,3.2,SMT,1206,0.6,CC,mm,1.6,0.64,3.20,mm,1.60,,DEFAULT,,,,,,,,,,0,,,,DEFAULT,CC MODEL,0.0635,,,MM,,0,,,BLACK BOX,,,C,,1.121e-2,3.55,0,-0.6,0
R127,,RC1206JR-070RL,RESISTOR,"Res,0 OHM,1/8W, 5%,1206,RoHS",,,,,,,,,,,,,,,DISABLED,,,,,,,,TOP,,,TOP_BOTTOM,0,SQUARE,,,,,,,"RES, FIXED, GENERAL",,,,,,,,,,,,2,,,LEADLESS,,,,,,,,,,,,,,,in,ALUMINA,,,70.0,,,0.0,,N,DISABLED,ENABLED,,0,0,,,3.2,SMT,1206,0.6,CC,mm,1.6,0.64,3.20,mm,1.60,,DEFAULT,,,,,,,,,,0,,,,DEFAULT,CC MODEL,0.0635,,,MM,,0,,,BLACK BOX,,,C,,1.121e-2,3.55,0,-0.85,0
R128,,RC1206JR-070RL,RESISTOR,"Res,0 OHM,1/8W, 5%,1206,RoHS",,,,,,,,,,,,,,,DISABLED,,,,,,,,TOP,,,TOP_BOTTOM,0,SQUARE,,,,,,,"RES, FIXED, GENERAL",,,,,,,,,,,,2,,,LEADLESS,,,,,,,,,,,,,,,in,ALUMINA,,,70.0,,,0.0,,N,DISABLED,ENABLED,,0,0,,,3.2,SMT,1206,0.6,CC,mm,1.6,0.64,3.20,mm,1.60,,DEFAULT,,,,,,,,,,0,,,,DEFAULT,CC MODEL,0.0635,,,MM,,0,,,BLACK BOX,,,C,,1.121e-2,3.55,0,-1.1,0
R129,,RC1206JR-070RL,RESISTOR,"Res,0 OHM,1/8W, 5%,1206,RoHS",,,,,,,,,,,,,,,DISABLED,,,,,,,,TOP,,,TOP_BOTTOM,0,SQUARE,,,,,,,"RES, FIXED, GENERAL",,,,,,,,,,,,2,,,LEADLESS,,,,,,,,,,,,,,,in,ALUMINA,,,70.0,,,0.0,,N,DISABLED,ENABLED,,0,0,,,3.2,SMT,1206,0.6,CC,mm,1.6,0.64,3.20,mm,1.60,,DEFAULT,,,,,,,,,,0,,,,DEFAULT,CC MODEL,0.0635,,,MM,,0,,,BLACK BOX,,,C,,1.121e-2,3.55,0,-1.35,0
R130,,RC1206JR-070RL,RESISTOR,"Res,0 OHM,1/8W, 5%,1206,RoHS",,,,,,,,,,,,,,,DISABLED,,,,,,,,TOP,,,TOP_BOTTOM,0,SQUARE,,,,,,,"RES, FIXED, GENERAL",,,,,,,,,,,,2,,,LEADLESS,,,,,,,,,,,,,,,in,ALUMINA,,,70.0,,,0.0,,N,DISABLED,ENABLED,,0,0,,,3.2,SMT,1206,0.6,CC,mm,1.6,0.64,3.20,mm,1.60,,DEFAULT,,,,,,,,,,0,,,,DEFAULT,CC MODEL,0.0635,,,MM,,0,,,BLACK BOX,,,C,,1.121e-2,3.55,0,-1.6,0
R131,,RC1206JR-070RL,RESISTOR,"Res,0 OHM,1/8W, 5%,1206,RoHS",,,,,,,,,,,,,,,DISABLED,,,,,,,,BOTTOM,,,TOP_BOTTOM,0,SQUARE,,,,,,,"RES, FIXED, GENERAL",,,,,,,,,,,,2,,,LEADLESS,,,,,,,,,,,,,,,in,ALUMINA,,,70.0,,,0.0,,N,DISABLED,ENABLED,,0,0,,,3.2,SMT,1206,0.6,CC,mm,1.6,0.64,3.20,mm,1.60,,DEFAULT,,,,,,,,,,90,,,,DEFAULT,CC MODEL,0.0635,,,MM,,0,,,BLACK BOX,,,C,,1.121e-2,1.0,0,0.8,0
R132,,RC1206JR-070RL,RESISTOR,"Res,0 OHM,1/8W, 5%,1206,RoHS",,,,,,,,,,,,,,,DISABLED,,,,,,,,BOTTOM,,,TOP_BOTTOM,0,SQUARE,,,,,,,"RES, FIXED, GENERAL",,,,,,,,,,,,2,,,LEADLESS,,,,,,,,,,,,,,,in,ALUMINA,,,70.0,,,0.0,,N,DISABLED,ENABLED,,0,0,,,3.2,SMT,1206,0.6,CC,mm,1.6,0.64,3.20,mm,1.60,,DEFAULT,,,,,,,,,,90,,,,DEFAULT,CC MODEL,0.0635,,,MM,,0,,,BLACK BOX,,,C,,1.121e-2,1.25,0,0.8,0
R133,,RC1206JR-070RL,RESISTOR,"Res,0 OHM,1/8W, 5%,1206,RoHS",,,,,,,,,,,,,,,DISABLED,,,,,,,,BOTTOM,,,TOP_BOTTOM,0,SQUARE,,,,,,,"RES, FIXED, GENERAL",,,,,,,,,,,,2,,,LEADLESS,,,,,,,,,,,,,,,in,ALUMINA,,,70.0,,,0.0,,N,DISABLED,ENABLED,,0,0,,,3.2,SMT,1206,0.6,CC,mm,1.6,0.64,3.20,mm,1.60,,DEFAULT,,,,,,,,,,90,,,,DEFAULT,CC MODEL,0.0635,,,MM,,0,,,BLACK BOX,,,C,,1.121e-2,1.5,0,0.8,0
R134,,RC1206JR-070RL,RESISTOR,"Res,0 OHM,1/8W, 5%,1206,RoHS",,,,,,,,,,,,,,,DISABLED,,,,,,,,BOTTOM,,,TOP_BOTTOM,0,SQUARE,,,,,,,"RES, FIXED, GENERAL",,,,,,,,,,,,2,,,LEADLESS,,,,,,,,,,,,,,,in,ALUMINA,,,70.0,,,0.0,,N,DISABLED,ENABLED,,0,0,,,3.2,SMT,1206,0.6,CC,mm,1.6,0.64,3.20,mm,1.60,,DEFAULT,,,,,,,,,,90,,,,DEFAULT,CC MODEL,0.0635,,,MM,,0,,,BLACK BOX,,,C,,1.121e-2,1.75,0,0.8,0
R135,,RC1206JR-070RL,RESISTOR,"Res,0 OHM,1/8W, 5%,1206,RoHS",,,,,,,,,,,,,,,DISABLED,,,,,,,,BOTTOM,,,TOP_BOTTOM,0,SQUARE,,,,,,,"RES, FIXED, GENERAL",,,,,,,,,,,,2,,,LEADLESS,,,,,,,,,,,,,,,in,ALUMINA,,,70.0,,,0.0,,N,DISABLED,ENABLED,,0,0,,,3.2,SMT,1206,0.6,CC,mm,1.6,0.64,3.20,mm,1.60,,DEFAULT,,,,,,,,,,270,,,,DEFAULT,CC MODEL,0.0635,,,MM,,0,,,BLACK BOX,,,C,,1.121e-2,1.6,0,0.65,0
R136,,RC1206JR-070RL,RESISTOR,"Res,0 OHM,1/8W, 5%,1206,RoHS",,,,,,,,,,,,,,,DISABLED,,,,,,,,BOTTOM,,,TOP_BOTTOM,0,SQUARE,,,,,,,"RES, FIXED, GENERAL",,,,,,,,,,,,2,,,LEADLESS,,,,,,,,,,,,,,,in,ALUMINA,,,70.0,,,0.0,,N,DISABLED,ENABLED,,0,0,,,3.2,SMT,1206,0.6,CC,mm,1.6,0.64,3.20,mm,1.60,,DEFAULT,,,,,,,,,,270,,,,DEFAULT,CC MODEL,0.0635,,,MM,,0,,,BLACK BOX,,,C,,1.121e-2,1.35,0,0.65,0
R137,,RC1206JR-070RL,RESISTOR,"Res,0 OHM,1/8W, 5%,1206,RoHS",,,,,,,,,,,,,,,DISABLED,,,,,,,,BOTTOM,,,TOP_BOTTOM,0,SQUARE,,,,,,,"RES, FIXED, GENERAL",,,,,,,,,,,,2,,,LEADLESS,,,,,,,,,,,,,,,in,ALUMINA,,,70.0,,,0.0,,N,DISABLED,ENABLED,,0,0,,,3.2,SMT,1206,0.6,CC,mm,1.6,0.64,3.20,mm,1.60,,DEFAULT,,,,,,,,,,270,,,,DEFAULT,CC MODEL,0.0635,,,MM,,0,,,BLACK BOX,,,C,,1.121e-2,1.1,0,0.65,0
R138,,RC1206JR-070RL,RESISTOR,"Res,0 OHM,1/8W, 5%,1206,RoHS",,,,,,,,,,,,,,,DISABLED,,,,,,,,BOTTOM,,,TOP_BOTTOM,0,SQUARE,,,,,,,"RES, FIXED, GENERAL",,,,,,,,,,,,2,,,LEADLESS,,,,,,,,,,,,,,,in,ALUMINA,,,70.0,,,0.0,,N,DISABLED,ENABLED,,0,0,,,3.2,SMT,1206,0.6,CC,mm,1.6,0.64,3.20,mm,1.60,,DEFAULT,,,,,,,,,,90,,,,DEFAULT,CC MODEL,0.0635,,,MM,,0,,,BLACK BOX,,,C,,1.121e-2,1.1,0,-0.65,0
R139,,RC1206JR-070RL,RESISTOR,"Res,0 OHM,1/8W, 5%,1206,RoHS",,,,,,,,,,,,,,,DISABLED,,,,,,,,BOTTOM,,,TOP_BOTTOM,0,SQUARE,,,,,,,"RES, FIXED, GENERAL",,,,,,,,,,,,2,,,LEADLESS,,,,,,,,,,,,,,,in,ALUMINA,,,70.0,,,0.0,,N,DISABLED,ENABLED,,0,0,,,3.2,SMT,1206,0.6,CC,mm,1.6,0.64,3.20,mm,1.60,,DEFAULT,,,,,,,,,,90,,,,DEFAULT,CC MODEL,0.0635,,,MM,,0,,,BLACK BOX,,,C,,1.121e-2,1.35,0,-0.65,0
R140,,RC1206JR-070RL,RESISTOR,"Res,0 OHM,1/8W, 5%,1206,RoHS",,,,,,,,,,,,,,,DISABLED,,,,,,,,BOTTOM,,,TOP_BOTTOM,0,SQUARE,,,,,,,"RES, FIXED, GENERAL",,,,,,,,,,,,2,,,LEADLESS,,,,,,,,,,,,,,,in,ALUMINA,,,70.0,,,0.0,,N,DISABLED,ENABLED,,0,0,,,3.2,SMT,1206,0.6,CC,mm,1.6,0.64,3.20,mm,1.60,,DEFAULT,,,,,,,,,,90,,,,DEFAULT,CC MODEL,0.0635,,,MM,,0,,,BLACK BOX,,,C,,1.121e-2,1.6,0,-0.65,0
R141,,RC1206JR-070RL,RESISTOR,"Res,0 OHM,1/8W, 5%,1206,RoHS",,,,,,,,,,,,,,,DISABLED,,,,,,,,BOTTOM,,,TOP_BOTTOM,0,SQUARE,,,,,,,"RES, FIXED, GENERAL",,,,,,,,,,,,2,,,LEADLESS,,,,,,,,,,,,,,,in,ALUMINA,,,70.0,,,0.0,,N,DISABLED,ENABLED,,0,0,,,3.2,SMT,1206,0.6,CC,mm,1.6,0.64,3.20,mm,1.60,,DEFAULT,,,,,,,,,,270,,,,DEFAULT,CC MODEL,0.0635,,,MM,,0,,,BLACK BOX,,,C,,1.121e-2,1.75,0,-0.8,0
R142,,RC1206JR-070RL,RESISTOR,"Res,0 OHM,1/8W, 5%,1206,RoHS",,,,,,,,,,,,,,,DISABLED,,,,,,,,BOTTOM,,,TOP_BOTTOM,0,SQUARE,,,,,,,"RES, FIXED, GENERAL",,,,,,,,,,,,2,,,LEADLESS,,,,,,,,,,,,,,,in,ALUMINA,,,70.0,,,0.0,,N,DISABLED,ENABLED,,0,0,,,3.2,SMT,1206,0.6,CC,mm,1.6,0.64,3.20,mm,1.60,,DEFAULT,,,,,,,,,,270,,,,DEFAULT,CC MODEL,0.0635,,,MM,,0,,,BLACK BOX,,,C,,1.121e-2,1.5,0,-0.8,0
R143,,RC1206JR-070RL,RESISTOR,"Res,0 OHM,1/8W, 5%,1206,RoHS",,,,,,,,,,,,,,,DISABLED,,,,,,,,BOTTOM,,,TOP_BOTTOM,0,SQUARE,,,,,,,"RES, FIXED, GENERAL",,,,,,,,,,,,2,,,LEADLESS,,,,,,,,,,,,,,,in,ALUMINA,,,70.0,,,0.0,,N,DISABLED,ENABLED,,0,0,,,3.2,SMT,1206,0.6,CC,mm,1.6,0.64,3.20,mm,1.60,,DEFAULT,,,,,,,,,,270,,,,DEFAULT,CC MODEL,0.0635,,,MM,,0,,,BLACK BOX,,,C,,1.121e-2,1.25,0,-0.8,0
R144,,RC1206JR-070RL,RESISTOR,"Res,0 OHM,1/8W, 5%,1206,RoHS",,,,,,,,,,,,,,,DISABLED,,,,,,,,BOTTOM,,,TOP_BOTTOM,0,SQUARE,,,,,,,"RES, FIXED, GENERAL",,,,,,,,,,,,2,,,LEADLESS,,,,,,,,,,,,,,,in,ALUMINA,,,70.0,,,0.0,,N,DISABLED,ENABLED,,0,0,,,3.2,SMT,1206,0.6,CC,mm,1.6,0.64,3.20,mm,1.60,,DEFAULT,,,,,,,,,,270,,,,DEFAULT,CC MODEL,0.0635,,,MM,,0,,,BLACK BOX,,,C,,1.121e-2,1.0,0,-0.8,0
R145,,RC1206JR-070RL,RESISTOR,"Res,0 OHM,1/8W, 5%,1206,RoHS",,,,,,,,,,,,,,,DISABLED,,,,,,,,BOTTOM,,,TOP_BOTTOM,0,SQUARE,,,,,,,"RES, FIXED, GENERAL",,,,,,,,,,,,2,,,LEADLESS,,,,,,,,,,,,,,,in,ALUMINA,,,70.0,,,0.0,,N,DISABLED,ENABLED,,0,0,,,3.2,SMT,1206,0.6,CC,mm,1.6,0.64,3.20,mm,1.60,,DEFAULT,,,,,,,,,,90,,,,DEFAULT,CC MODEL,0.0635,,,MM,,0,,,BLACK BOX,,,C,,1.121e-2,-1.75,0,0.8,0
R146,,RC1206JR-070RL,RESISTOR,"Res,0 OHM,1/8W, 5%,1206,RoHS",,,,,,,,,,,,,,,DISABLED,,,,,,,,BOTTOM,,,TOP_BOTTOM,0,SQUARE,,,,,,,"RES, FIXED, GENERAL",,,,,,,,,,,,2,,,LEADLESS,,,,,,,,,,,,,,,in,ALUMINA,,,70.0,,,0.0,,N,DISABLED,ENABLED,,0,0,,,3.2,SMT,1206,0.6,CC,mm,1.6,0.64,3.20,mm,1.60,,DEFAULT,,,,,,,,,,90,,,,DEFAULT,CC MODEL,0.0635,,,MM,,0,,,BLACK BOX,,,C,,1.121e-2,-1.5,0,0.8,0
R147,,RC1206JR-070RL,RESISTOR,"Res,0 OHM,1/8W, 5%,1206,RoHS",,,,,,,,,,,,,,,DISABLED,,,,,,,,BOTTOM,,,TOP_BOTTOM,0,SQUARE,,,,,,,"RES, FIXED, GENERAL",,,,,,,,,,,,2,,,LEADLESS,,,,,,,,,,,,,,,in,ALUMINA,,,70.0,,,0.0,,N,DISABLED,ENABLED,,0,0,,,3.2,SMT,1206,0.6,CC,mm,1.6,0.64,3.20,mm,1.60,,DEFAULT,,,,,,,,,,90,,,,DEFAULT,CC MODEL,0.0635,,,MM,,0,,,BLACK BOX,,,C,,1.121e-2,-1.25,0,0.8,0
R148,,RC1206JR-070RL,RESISTOR,"Res,0 OHM,1/8W, 5%,1206,RoHS",,,,,,,,,,,,,,,DISABLED,,,,,,,,BOTTOM,,,TOP_BOTTOM,0,SQUARE,,,,,,,"RES, FIXED, GENERAL",,,,,,,,,,,,2,,,LEADLESS,,,,,,,,,,,,,,,in,ALUMINA,,,70.0,,,0.0,,N,DISABLED,ENABLED,,0,0,,,3.2,SMT,1206,0.6,CC,mm,1.6,0.64,3.20,mm,1.60,,DEFAULT,,,,,,,,,,90,,,,DEFAULT,CC MODEL,0.0635,,,MM,,0,,,BLACK BOX,,,C,,1.121e-2,-1.0,0,0.8,0
R149,,RC1206JR-070RL,RESISTOR,"Res,0 OHM,1/8W, 5%,1206,RoHS",,,,,,,,,,,,,,,DISABLED,,,,,,,,BOTTOM,,,TOP_BOTTOM,0,SQUARE,,,,,,,"RES, FIXED, GENERAL",,,,,,,,,,,,2,,,LEADLESS,,,,,,,,,,,,,,,in,ALUMINA,,,70.0,,,0.0,,N,DISABLED,ENABLED,,0,0,,,3.2,SMT,1206,0.6,CC,mm,1.6,0.64,3.20,mm,1.60,,DEFAULT,,,,,,,,,,270,,,,DEFAULT,CC MODEL,0.0635,,,MM,,0,,,BLACK BOX,,,C,,1.121e-2,-1.15,0,0.65,0
R150,,RC1206JR-070RL,RESISTOR,"Res,0 OHM,1/8W, 5%,1206,RoHS",,,,,,,,,,,,,,,DISABLED,,,,,,,,BOTTOM,,,TOP_BOTTOM,0,SQUARE,,,,,,,"RES, FIXED, GENERAL",,,,,,,,,,,,2,,,LEADLESS,,,,,,,,,,,,,,,in,ALUMINA,,,70.0,,,0.0,,N,DISABLED,ENABLED,,0,0,,,3.2,SMT,1206,0.6,CC,mm,1.6,0.64,3.20,mm,1.60,,DEFAULT,,,,,,,,,,270,,,,DEFAULT,CC MODEL,0.0635,,,MM,,0,,,BLACK BOX,,,C,,1.121e-2,-1.4,0,0.65,0
R151,,RC1206JR-070RL,RESISTOR,"Res,0 OHM,1/8W, 5%,1206,RoHS",,,,,,,,,,,,,,,DISABLED,,,,,,,,BOTTOM,,,TOP_BOTTOM,0,SQUARE,,,,,,,"RES, FIXED, GENERAL",,,,,,,,,,,,2,,,LEADLESS,,,,,,,,,,,,,,,in,ALUMINA,,,70.0,,,0.0,,N,DISABLED,ENABLED,,0,0,,,3.2,SMT,1206,0.6,CC,mm,1.6,0.64,3.20,mm,1.60,,DEFAULT,,,,,,,,,,270,,,,DEFAULT,CC MODEL,0.0635,,,MM,,0,,,BLACK BOX,,,C,,1.121e-2,-1.65,0,0.65,0
R152,,RC1206JR-070RL,RESISTOR,"Res,0 OHM,1/8W, 5%,1206,RoHS",,,,,,,,,,,,,,,DISABLED,,,,,,,,BOTTOM,,,TOP_BOTTOM,0,SQUARE,,,,,,,"RES, FIXED, GENERAL",,,,,,,,,,,,2,,,LEADLESS,,,,,,,,,,,,,,,in,ALUMINA,,,70.0,,,0.0,,N,DISABLED,ENABLED,,0,0,,,3.2,SMT,1206,0.6,CC,mm,1.6,0.64,3.20,mm,1.60,,DEFAULT,,,,,,,,,,90,,,,DEFAULT,CC MODEL,0.0635,,,MM,,0,,,BLACK BOX,,,C,,1.121e-2,-1.65,0,-0.65,0
R153,,RC1206JR-070RL,RESISTOR,"Res,0 OHM,1/8W, 5%,1206,RoHS",,,,,,,,,,,,,,,DISABLED,,,,,,,,BOTTOM,,,TOP_BOTTOM,0,SQUARE,,,,,,,"RES, FIXED, GENERAL",,,,,,,,,,,,2,,,LEADLESS,,,,,,,,,,,,,,,in,ALUMINA,,,70.0,,,0.0,,N,DISABLED,ENABLED,,0,0,,,3.2,SMT,1206,0.6,CC,mm,1.6,0.64,3.20,mm,1.60,,DEFAULT,,,,,,,,,,90,,,,DEFAULT,CC MODEL,0.0635,,,MM,,0,,,BLACK BOX,,,C,,1.121e-2,-1.4,0,-0.65,0
R154,,RC1206JR-070RL,RESISTOR,"Res,0 OHM,1/8W, 5%,1206,RoHS",,,,,,,,,,,,,,,DISABLED,,,,,,,,BOTTOM,,,TOP_BOTTOM,0,SQUARE,,,,,,,"RES, FIXED, GENERAL",,,,,,,,,,,,2,,,LEADLESS,,,,,,,,,,,,,,,in,ALUMINA,,,70.0,,,0.0,,N,DISABLED,ENABLED,,0,0,,,3.2,SMT,1206,0.6,CC,mm,1.6,0.64,3.20,mm,1.60,,DEFAULT,,,,,,,,,,90,,,,DEFAULT,CC MODEL,0.0635,,,MM,,0,,,BLACK BOX,,,C,,1.121e-2,-1.15,0,-0.65,0
R155,,RC1206JR-070RL,RESISTOR,"Res,0 OHM,1/8W, 5%,1206,RoHS",,,,,,,,,,,,,,,DISABLED,,,,,,,,BOTTOM,,,TOP_BOTTOM,0,SQUARE,,,,,,,"RES, FIXED, GENERAL",,,,,,,,,,,,2,,,LEADLESS,,,,,,,,,,,,,,,in,ALUMINA,,,70.0,,,0.0,,N,DISABLED,ENABLED,,0,0,,,3.2,SMT,1206,0.6,CC,mm,1.6,0.64,3.20,mm,1.60,,DEFAULT,,,,,,,,,,270,,,,DEFAULT,CC MODEL,0.0635,,,MM,,0,,,BLACK BOX,,,C,,1.121e-2,-1.0,0,-0.8,0
R156,,RC1206JR-070RL,RESISTOR,"Res,0 OHM,1/8W, 5%,1206,RoHS",,,,,,,,,,,,,,,DISABLED,,,,,,,,BOTTOM,,,TOP_BOTTOM,0,SQUARE,,,,,,,"RES, FIXED, GENERAL",,,,,,,,,,,,2,,,LEADLESS,,,,,,,,,,,,,,,in,ALUMINA,,,70.0,,,0.0,,N,DISABLED,ENABLED,,0,0,,,3.2,SMT,1206,0.6,CC,mm,1.6,0.64,3.20,mm,1.60,,DEFAULT,,,,,,,,,,270,,,,DEFAULT,CC MODEL,0.0635,,,MM,,0,,,BLACK BOX,,,C,,1.121e-2,-1.25,0,-0.8,0
R157,,RC1206JR-070RL,RESISTOR,"Res,0 OHM,1/8W, 5%,1206,RoHS",,,,,,,,,,,,,,,DISABLED,,,,,,,,BOTTOM,,,TOP_BOTTOM,0,SQUARE,,,,,,,"RES, FIXED, GENERAL",,,,,,,,,,,,2,,,LEADLESS,,,,,,,,,,,,,,,in,ALUMINA,,,70.0,,,0.0,,N,DISABLED,ENABLED,,0,0,,,3.2,SMT,1206,0.6,CC,mm,1.6,0.64,3.20,mm,1.60,,DEFAULT,,,,,,,,,,270,,,,DEFAULT,CC MODEL,0.0635,,,MM,,0,,,BLACK BOX,,,C,,1.121e-2,-1.5,0,-0.8,0
R158,,RC1206JR-070RL,RESISTOR,"Res,0 OHM,1/8W, 5%,1206,RoHS",,,,,,,,,,,,,,,DISABLED,,,,,,,,BOTTOM,,,TOP_BOTTOM,0,SQUARE,,,,,,,"RES, FIXED, GENERAL",,,,,,,,,,,,2,,,LEADLESS,,,,,,,,,,,,,,,in,ALUMINA,,,70.0,,,0.0,,N,DISABLED,ENABLED,,0,0,,,3.2,SMT,1206,0.6,CC,mm,1.6,0.64,3.20,mm,1.60,,DEFAULT,,,,,,,,,,270,,,,DEFAULT,CC MODEL,0.0635,,,MM,,0,,,BLACK BOX,,,C,,1.121e-2,-1.75,0,-0.8,0
U1,,UC3638Q,IC,IC ADV PWM MOTOR CTRL LCCC-20,,,,,,,,,,,,,,,DISABLED,,,,,,,MM,TOP,,,TOP_BOTTOM,0,SQUARE,4.445,SILICON,0.185,MM,4.445,,"IC, GATE ARRAY, MOS, DIGITAL",,,,MM,,,,,90.0,,,20,,,LEADLESS,,1.6080127840328722,DUAL_LONG,,COPPER,,,,,,,MM,,,in,ALUMINA,,,70.0,,,0.0,,N,DISABLED,ENABLED,,0,0,,,8.89,SMT,LCCC-20,1.75,LCCC,mm,8.89,1.27,1.27,mm,0.635,,DEFAULT,350NM PLANAR,,,,,,,,,0,,,,DEFAULT,LCCC MODEL,0.0635,,,MM,,0,,,BLACK BOX,,,C,,5.048e-1,-2.45,0,1.75,0
U2,,UC3638Q,IC,IC ADV PWM MOTOR CTRL LCCC-20,,,,,,,,,,,,,,,DISABLED,,,,,,,MM,TOP,,,TOP_BOTTOM,0,SQUARE,4.445,SILICON,0.185,MM,4.445,,"IC, GATE ARRAY, MOS, DIGITAL",,,,MM,,,,,90.0,,,20,,,LEADLESS,,1.6080127840328722,DUAL_LONG,,COPPER,,,,,,,MM,,,in,ALUMINA,,,70.0,,,0.0,,N,DISABLED,ENABLED,,0,0,,,8.89,SMT,LCCC-20,1.75,LCCC,mm,8.89,1.27,1.27,mm,0.635,,DEFAULT,350NM PLANAR,,,,,,,,,0,,,,DEFAULT,LCCC MODEL,0.0635,,,MM,,0,,,BLACK BOX,,,C,,5.048e-1,2.45,0,-1.75,0
U3,,EPM7064LC68-15,IC,IC MAX 7000 CPLD 64 QFJ-68,,,,,,,,,,,,,,,DISABLED,,,,,,,MM,TOP,,,TOP_BOTTOM,0,SQUARE,18.0975,SILICON,0.185,MM,18.0975,,"IC, GATE ARRAY, MOS, DIGITAL",,,,MM,,,,,90.0,0.178,0.178,68,1,65,J_LEAD,2.54,0.7147552816630443,QUAD,0,COPPER,1.27,0,0.5,1,4.7,0.178,mm,0.483,,in,OVERMOLD-LEADED,,,70.0,,,0.0,,N,DISABLED,ENABLED,,0,0,,,24.13,SMT,QFJ-68 (MO-087AD),3.353,QFJ,mm,24.13,2.0,1.27,mm,0.75,,DEFAULT,350NM PLANAR,,,,,,,,,0,1,0,0,DEFAULT,LEADED MODEL,0.0635,,,MM,,0,,,BLACK BOX,,,C,,3.709e+0,-1.35,0,0.0,0
U4,,EPM7064LC68-15,IC,IC MAX 7000 CPLD 64 QFJ-68,,,,,,,,,,,,,,,DISABLED,,,,,,,MM,TOP,,,TOP_BOTTOM,0,SQUARE,18.0975,SILICON,0.185,MM,18.0975,,"IC, GATE ARRAY, MOS, DIGITAL",,,,MM,,,,,90.0,0.178,0.178,68,1,65,J_LEAD,2.54,0.7147552816630443,QUAD,0,COPPER,1.27,0,0.5,1,4.7,0.178,mm,0.483,,in,OVERMOLD-LEADED,,,70.0,,,0.0,,N,DISABLED,ENABLED,,0,0,,,24.13,SMT,QFJ-68 (MO-087AD),3.353,QFJ,mm,24.13,2.0,1.27,mm,0.75,,DEFAULT,350NM PLANAR,,,,,,,,,0,1,0,0,DEFAULT,LEADED MODEL,0.0635,,,MM,,0,,,BLACK BOX,,,C,,3.709e+0,1.35,0,0.0,0
U5,,DSPIC33FJ64GS608-E/PT,IC,16 Bit MCU/DSP 40MIPS 64KB FLASH QFP-80,,,,,,,,,,,,,,,DISABLED,,,,,,,MM,TOP,,,TOP_BOTTOM,0,SQUARE,6,SILICON,0.185,MM,6,,"IC, GATE ARRAY, MOS, DIGITAL",,7.2,0.25,MM,7.2,,,,90.0,,,80,,,LEADLESS,,1.6080127840328722,QUAD,,COPPER,,,,,,,MM,,,in,OVERMOLD-QFN,,,70.0,,,0.0,,N,DISABLED,ENABLED,,0,0,,,12.0,SMT,QFN-80 (MO-220VRRD),1.0,QFN,mm,12.0,0.65,0.5,mm,0.3,,DEFAULT,350NM PLANAR,,,,,,,,,0,,,,DEFAULT,QFN MODEL,0.0635,,,MM,Processors,0,,,BLACK BOX,,,C,,2.736e-1,-2.45,0,1.05,0
U6,,DSPIC33FJ64GS608-E/PT,IC,16 Bit MCU/DSP 40MIPS 64KB FLASH QFP-80,,,,,,,,,,,,,,,DISABLED,,,,,,,MM,TOP,,,TOP_BOTTOM,0,SQUARE,6,SILICON,0.185,MM,6,,"IC, GATE ARRAY, MOS, DIGITAL",,7.2,0.25,MM,7.2,,,,90.0,,,80,,,LEADLESS,,1.6080127840328722,QUAD,,COPPER,,,,,,,MM,,,in,OVERMOLD-QFN,,,70.0,,,0.0,,N,DISABLED,ENABLED,,0,0,,,12.0,SMT,QFN-80 (MO-220VRRD),1.0,QFN,mm,12.0,0.65,0.5,mm,0.3,,DEFAULT,350NM PLANAR,,,,,,,,,0,,,,DEFAULT,QFN MODEL,0.0635,,,MM,Processors,0,,,BLACK BOX,,,C,,2.736e-1,2.45,0,-1.05,0
U7,,IS61LPS12836A-200TQLI,IC,SRAM 4Mb 128Kx36 200Mhz 3.3v I/O QFP-100 14X20,,,,,,,,,,,,,,,DISABLED,,,,,,,MM,TOP,,,TOP_BOTTOM,0.5,MITER,15,SILICON,0.185,MM,15,,"IC, GATE ARRAY, MOS, DIGITAL",,,,MM,,,,,90.0,0.17,0.17,100,0.88,65,GULLWING,1.725,0.5535533905932738,QUAD,0,COPPER,0.65,0,0.72,0.375,8.38,0.17,mm,0.31,,in,OVERMOLD-LEADED,,,70.0,,,0.0,,N,DISABLED,ENABLED,,0,0,,,20.0,SMT,QFP-100 (MS-022GC-1),2.7,QFP,mm,20.0,2.0,1.27,mm,0.75,,DEFAULT,350NM PLANAR,,,,,,,,,0,1,0,0,DEFAULT,LEADED MODEL,0.0635,,,MM,,0,,,BLACK BOX,,,C,,2.049e+0,-2.45,0,0.0,0
U8,,IS61LPS12836A-200TQLI,IC,SRAM 4Mb 128Kx36 200Mhz 3.3v I/O QFP-100 14X20,,,,,,,,,,,,,,,DISABLED,,,,,,,MM,TOP,,,TOP_BOTTOM,0.5,MITER,15,SILICON,0.185,MM,15,,"IC, GATE ARRAY, MOS, DIGITAL",,,,MM,,,,,90.0,0.17,0.17,100,0.88,65,GULLWING,1.725,0.5535533905932738,QUAD,0,COPPER,0.65,0,0.72,0.375,8.38,0.17,mm,0.31,,in,OVERMOLD-LEADED,,,70.0,,,0.0,,N,DISABLED,ENABLED,,0,0,,,20.0,SMT,QFP-100 (MS-022GC-1),2.7,QFP,mm,20.0,2.0,1.27,mm,0.75,,DEFAULT,350NM PLANAR,,,,,,,,,0,1,0,0,DEFAULT,LEADED MODEL,0.0635,,,MM,,0,,,BLACK BOX,,,C,,2.049e+0,2.45,0,0.0,0
U9,,XCV405E-6FG676I,IC,IC FPGA 1.8V 676 I/O BGA,,,,,,,,0,676,0.7,0.6,0,0,,DISABLED,0.56,0.56,FULL,,,1,mm,TOP,,,TOP_BOTTOM,0,SQUARE,12.0749,SILICON,0.4,mm,12.0749,,"IC, GATE ARRAY, MOS, DIGITAL",,,,mm,,,,0.75,,,,678,,,,,,,,,,,,,,,mm,,,in,EPOXYENCAPSULANT,,,70.0,,,0.0,,N,DISABLED,ENABLED,,0,0,,0.65,27.0002,SMT,BGA676,2,BGA,mm,27.0002,,,mm,,,DEFAULT,350NM PLANAR,,,,,,,,,0,,,,DEFAULT,BGA MODEL,0.0635,,,MM,,0,,,BLACK BOX,,,C,,2.624e+0,0.0,0,0.75,0
U10,,XCV405E-6FG676I,IC,IC FPGA 1.8V 676 I/O BGA,,,,,,,,0,676,0.7,0.6,0,0,,DISABLED,0.56,0.56,FULL,,,1,mm,TOP,,,TOP_BOTTOM,0,SQUARE,12.0749,SILICON,0.4,mm,12.0749,,"IC, GATE ARRAY, MOS, DIGITAL",,,,mm,,,,0.75,,,,678,,,,,,,,,,,,,,,mm,,,in,EPOXYENCAPSULANT,,,70.0,,,0.0,,N,DISABLED,ENABLED,,0,0,,0.65,27.0002,SMT,BGA676,2,BGA,mm,27.0002,,,mm,,,DEFAULT,350NM PLANAR,,,,,,,,,0,,,,DEFAULT,BGA MODEL,0.0635,,,MM,,0,,,BLACK BOX,,,C,,2.624e+0,0.0,0,-0.75,0
U11,,HI-8435PQTF,IC,IC MCU 8K FLASH 1K RAM QFP-44,,,,,,,,,,,,,,,DISABLED,,,,,,,MM,TOP,,,TOP_BOTTOM,0.5,SQUARE,12.3825,SILICON,0.185,MM,12.3825,,"IC, GATE ARRAY, MOS, DIGITAL",,,,MM,,,,,90.0,0.17,0.17,44,0.8,65,GULLWING,2.54,0.5023243291566195,QUAD,0,COPPER,1.27,0,0.85,0.765,2.12,0.17,mm,0.25,,in,OVERMOLD-LEADED,,,70.0,,,0.0,,N,DISABLED,ENABLED,,0,0,,,16.51,SMT,QFP-44 (MO-089AB),3.55,QFP,mm,16.51,2.0,1.27,mm,0.75,,DEFAULT,350NM PLANAR,,,,,,,,,0,1,0,0,DEFAULT,LEADED MODEL,0.0635,,,MM,Processors,0,,,BLACK BOX,,,C,,1.839e+0,-2.45,0,-1.05,0
U12,,HI-8435PQTF,IC,IC MCU 8K FLASH 1K RAM QFP-44,,,,,,,,,,,,,,,DISABLED,,,,,,,MM,TOP,,,TOP_BOTTOM,0.5,SQUARE,12.3825,SILICON,0.185,MM,12.3825,,"IC, GATE ARRAY, MOS, DIGITAL",,,,MM,,,,,90.0,0.17,0.17,44,0.8,65,GULLWING,2.54,0.5023243291566195,QUAD,0,COPPER,1.27,0,0.85,0.765,2.12,0.17,mm,0.25,,in,OVERMOLD-LEADED,,,70.0,,,0.0,,N,DISABLED,ENABLED,,0,0,,,16.51,SMT,QFP-44 (MO-089AB),3.55,QFP,mm,16.51,2.0,1.27,mm,0.75,,DEFAULT,350NM PLANAR,,,,,,,,,0,1,0,0,DEFAULT,LEADED MODEL,0.0635,,,MM,Processors,0,,,BLACK BOX,,,C,,1.839e+0,2.45,0,1.05,0
U13,,AT49BV001NT-12TC,IC,IC FLASH 1MBIT 120NS T1 TSOP32 8X18,,,,,,,,,,,,,,,DISABLED,,,,,,,MM,TOP,,,TOP_BOTTOM,0,SQUARE,13.8,SILICON,0.185,MM,6,,"IC, GATE ARRAY, MOS, DIGITAL",,,,MM,,,,,90.0,0.155,0.155,32,0.6,65,GULLWING,0.6,0.4691189328159578,DUAL_SHORT,0,COPPER,0.5,0,0.4,0.1,107.15,0.155,mm,0.22,,in,OVERMOLD-LEADED,,,70.0,,,0.0,,N,DISABLED,ENABLED,,0,0,,,18.4,SMT,TSOP-32 (MO-142BD),1.0,TSOP,mm,8.0,2.0,1.27,mm,0.75,,DEFAULT,350NM PLANAR,,,,,,,,,0,1,0,0,DEFAULT,LEADED MODEL,0.0635,,,MM,Flash Memory,0,,,BLACK BOX,,,C,,2.797e-1,-1.35,0,-1.0507250000000001,0
U14,,AT49BV001NT-12TC,IC,IC FLASH 1MBIT 120NS T1 TSOP32 8X18,,,,,,,,,,,,,,,DISABLED,,,,,,,MM,TOP,,,TOP_BOTTOM,0,SQUARE,13.8,SILICON,0.185,MM,6,,"IC, GATE ARRAY, MOS, DIGITAL",,,,MM,,,,,90.0,0.155,0.155,32,0.6,65,GULLWING,0.6,0.4691189328159578,DUAL_SHORT,0,COPPER,0.5,0,0.4,0.1,107.15,0.155,mm,0.22,,in,OVERMOLD-LEADED,,,70.0,,,0.0,,N,DISABLED,ENABLED,,0,0,,,18.4,SMT,TSOP-32 (MO-142BD),1.0,TSOP,mm,8.0,2.0,1.27,mm,0.75,,DEFAULT,350NM PLANAR,,,,,,,,,0,1,0,0,DEFAULT,LEADED MODEL,0.0635,,,MM,Flash Memory,0,,,BLACK BOX,,,C,,2.797e-1,1.35,0,-1.0507250000000001,0
U15,,AT49BV001NT-12TC,IC,IC FLASH 1MBIT 120NS T1 TSOP32 8X18,,,,,,,,,,,,,,,DISABLED,,,,,,,MM,TOP,,,TOP_BOTTOM,0,SQUARE,13.8,SILICON,0.185,MM,6,,"IC, GATE ARRAY, MOS, DIGITAL",,,,MM,,,,,90.0,0.155,0.155,32,0.6,65,GULLWING,0.6,0.4691189328159578,DUAL_SHORT,0,COPPER,0.5,0,0.4,0.1,107.15,0.155,mm,0.22,,in,OVERMOLD-LEADED,,,70.0,,,0.0,,N,DISABLED,ENABLED,,0,0,,,18.4,SMT,TSOP-32 (MO-142BD),1.0,TSOP,mm,8.0,2.0,1.27,mm,0.75,,DEFAULT,350NM PLANAR,,,,,,,,,0,1,0,0,DEFAULT,LEADED MODEL,0.0635,,,MM,Flash Memory,0,,,BLACK BOX,,,C,,2.797e-1,-1.35,0,1.049275,0
U16,,AT49BV001NT-12TC,IC,IC FLASH 1MBIT 120NS T1 TSOP32 8X18,,,,,,,,,,,,,,,DISABLED,,,,,,,MM,TOP,,,TOP_BOTTOM,0,SQUARE,13.8,SILICON,0.185,MM,6,,"IC, GATE ARRAY, MOS, DIGITAL",,,,MM,,,,,90.0,0.155,0.155,32,0.6,65,GULLWING,0.6,0.4691189328159578,DUAL_SHORT,0,COPPER,0.5,0,0.4,0.1,107.15,0.155,mm,0.22,,in,OVERMOLD-LEADED,,,70.0,,,0.0,,N,DISABLED,ENABLED,,0,0,,,18.4,SMT,TSOP-32 (MO-142BD),1.0,TSOP,mm,8.0,2.0,1.27,mm,0.75,,DEFAULT,350NM PLANAR,,,,,,,,,0,1,0,0,DEFAULT,LEADED MODEL,0.0635,,,MM,Flash Memory,0,,,BLACK BOX,,,C,,2.797e-1,1.35,0,1.049275,0
